platewell,Antigen,PTID,wellcount,wellcount-pheno,Va,Ja,CDR3a,Va% clone dominance,Va counts,alt Va,alt Ja,alt CDR3a,alt Va% clone dominance,alt Va counts,BCL6,CD4,CD8,CTLA4,EOMES,FOXP3,GATA3,GZMB,IFNG,IL10,IL12A,IL13,IL17A,IL2,MKI67,PDCD1,PRF1,RORC,RUNX1,RUNX3,TBET,TGFB1,TNF
/Users/seshadrilab/Desktop/NGS_TCRSeq/alpha-pheno/Demultiplex/alpha-pheno-Plate1A-Alpha01-joined.VDJ.H3.L3.CH1.dnaH3.fa,SGL,TB-1117,181,24599,,,,,,,,,,,,,,CTLA4 2031,,FOXP3 1613,,,,,,,,,,,PRF1 1329,RORC 288,,RUNX3 5,,,
/Users/seshadrilab/Desktop/NGS_TCRSeq/alpha-pheno/Demultiplex/alpha-pheno-Plate1A-Alpha02-joined.VDJ.H3.L3.CH1.dnaH3.fa,SGL,TB-1117,11641,23943,TRAV12-1,TRAJ6,CVVITGGSYIPTF,0.728,8474,TRAV4,TRAJ8,,0.196,2289,,,,,EOMES 1512,,,GZMB 24,,,,,,,,,PRF1 956,RORC 93,RUNX1 988,RUNX3 1493,TBET 2093,TGFB1 1245,
/Users/seshadrilab/Desktop/NGS_TCRSeq/alpha-pheno/Demultiplex/alpha-pheno-Plate1A-Alpha03-joined.VDJ.H3.L3.CH1.dnaH3.fa,SGL,TB-1117,12593,22859,mTRDV2-2,TRAJ26,CAYRSANNYGQNFVF,0.915,11530,,,,,,,,,CTLA4 1718,,FOXP3 1516,GATA3 984,,,,,,,,MKI67 1861,,,RORC 25,,RUNX3 2423,,TGFB1 1574,
/Users/seshadrilab/Desktop/NGS_TCRSeq/alpha-pheno/Demultiplex/alpha-pheno-Plate1A-Alpha04-joined.VDJ.H3.L3.CH1.dnaH3.fa,SGL,TB-1117,98,25057,,,,,,,,,,,,,,,,,,,,,,,,,,,,RORC 353,,RUNX3 6,TBET 3104,,
/Users/seshadrilab/Desktop/NGS_TCRSeq/alpha-pheno/Demultiplex/alpha-pheno-Plate1A-Alpha05-joined.VDJ.H3.L3.CH1.dnaH3.fa,SGL,TB-1117,9584,21279,TRAV9-1,TRAJ49,CARGDTGNQFYF,0.913,8750,,,,,,,CD4 2012,,,,,,,,,,,,,,,,,RUNX1 1056,,TBET 5,TGFB1 714,
/Users/seshadrilab/Desktop/NGS_TCRSeq/alpha-pheno/Demultiplex/alpha-pheno-Plate1A-Alpha06-joined.VDJ.H3.L3.CH1.dnaH3.fa,SGL,TB-1117,52,23818,,,,,,,,,,,,,,CTLA4 2533,,,,,,,,,,,,,,RORC 257,,,,TGFB1 150,
/Users/seshadrilab/Desktop/NGS_TCRSeq/alpha-pheno/Demultiplex/alpha-pheno-Plate1A-Alpha07-joined.VDJ.H3.L3.CH1.dnaH3.fa,SGL,TB-1117,8373,21688,mTRAV14D-1,TRAJ28,CAATGFGAGSYQLTF,0.91,7624,,,,,,,,,,EOMES 2281,,GATA3 982,,,,,,,,,,PRF1 1000,RORC 23,RUNX1 913,RUNX3 1651,TBET 1213,TGFB1 1043,
/Users/seshadrilab/Desktop/NGS_TCRSeq/alpha-pheno/Demultiplex/alpha-pheno-Plate1A-Alpha08-joined.VDJ.H3.L3.CH1.dnaH3.fa,SGL,TB-1117,9075,23839,TRAV8-4,TRAJ5,,0.882,8004,TRAV5,TRAJ9,CAETGGFKTIF,0.108,983,,,,,,,GATA3 8,,,,,,,,,,,RORC 64,RUNX1 922,RUNX3 1966,TBET 2794,TGFB1 721,
/Users/seshadrilab/Desktop/NGS_TCRSeq/alpha-pheno/Demultiplex/alpha-pheno-Plate1A-Alpha09-joined.VDJ.H3.L3.CH1.dnaH3.fa,SGL,TB-1117,11723,18362,TRAV1-2,TRAJ33,CAVLDSNYQLIW,0.728,8537,TRAV8-3,TRAJ6,,0.222,2605,,,,,,,,,,,,,,,,,PRF1 696,RORC 1016,,RUNX3 1487,TBET 1786,TGFB1 882,
/Users/seshadrilab/Desktop/NGS_TCRSeq/alpha-pheno/Demultiplex/alpha-pheno-Plate1A-Alpha10-joined.VDJ.H3.L3.CH1.dnaH3.fa,SGL,TB-1117,133,19908,,,,,,,,,,,,,,,,,,,,,,,,,,,,RORC 93,RUNX1 12,,,,
/Users/seshadrilab/Desktop/NGS_TCRSeq/alpha-pheno/Demultiplex/alpha-pheno-Plate1A-Alpha11-joined.VDJ.H3.L3.CH1.dnaH3.fa,SGL,TB-1117,12123,18394,TRAV8-6,TRAJ34,CAVTTHNTDKLIF,0.817,9915,TRAV40,TRAJ57,,0.111,1357,,,,,,,GATA3 719,,,,,,,,,,,,RUNX1 742,RUNX3 1377,,TGFB1 1052,TNF 7
/Users/seshadrilab/Desktop/NGS_TCRSeq/alpha-pheno/Demultiplex/alpha-pheno-Plate1A-Alpha12-joined.VDJ.H3.L3.CH1.dnaH3.fa,SGL,TB-1117,12660,17446,TRAV8-4,TRAJ4,CAVRRQFSGGYNKLIF,0.753,9535,TRAV1-1,TRAJ28,,0.174,2210,,,,,,,GATA3 677,,IFNG 740,,,,,,,,PRF1 705,,RUNX1 844,,TBET 866,TGFB1 1000,TNF 812
/Users/seshadrilab/Desktop/NGS_TCRSeq/alpha-pheno/Demultiplex/alpha-pheno-Plate1B-Alpha01-joined.VDJ.H3.L3.CH1.dnaH3.fa,SGL,TB-1117,13383,14804,TRAV8-3,TRAJ29,CAVGSASGNTPLVF,0.922,12351,,,,,,,,,CTLA4 1197,,,GATA3 580,,,,,,,,,,,RORC 1139,RUNX1 622,RUNX3 1253,TBET 892,TGFB1 742,TNF 923
/Users/seshadrilab/Desktop/NGS_TCRSeq/alpha-pheno/Demultiplex/alpha-pheno-Plate1B-Alpha02-joined.VDJ.H3.L3.CH1.dnaH3.fa,SGL,TB-1117,4914,14803,TRAV4,TRAJ32,CLVGRPNGGATNKLIF,0.912,4485,,,,,,,,,CTLA4 992,,,,,,,,,,,,,PRF1 644,RORC 49,RUNX1 551,RUNX3 1124,TBET 1692,TGFB1 770,
/Users/seshadrilab/Desktop/NGS_TCRSeq/alpha-pheno/Demultiplex/alpha-pheno-Plate1B-Alpha03-joined.VDJ.H3.L3.CH1.dnaH3.fa,SGL,TB-1117,12069,14163,mTRAV14D-1,TRAJ48,CAASIGNFGNEKLTF,0.894,10796,,,,,,,,CD8 1565,CTLA4 1375,EOMES 1202,FOXP3 976,GATA3 661,,IFNG 20,,,,,,,,PRF1 716,,RUNX1 728,RUNX3 892,TBET 1393,TGFB1 85,
/Users/seshadrilab/Desktop/NGS_TCRSeq/alpha-pheno/Demultiplex/alpha-pheno-Plate1B-Alpha04-joined.VDJ.H3.L3.CH1.dnaH3.fa,SGL,TB-1117,13459,15755,TRAV21,TRAJ40,,0.941,12675,,,,,,,,,,EOMES 5,,GATA3 821,,,,,,,,,,,,RUNX1 561,RUNX3 1669,,TGFB1 505,
/Users/seshadrilab/Desktop/NGS_TCRSeq/alpha-pheno/Demultiplex/alpha-pheno-Plate1B-Alpha05-joined.VDJ.H3.L3.CH1.dnaH3.fa,SGL,TB-1117,14120,20205,mTRAV14D-1,TRAJ28,CAATGFGAGSYQLTF,0.912,12881,,,,,,,,CD8 2289,CTLA4 1773,,,GATA3 1082,,,,,,,,,PDCD1 14,PRF1 1089,,RUNX1 927,RUNX3 1391,TBET 2897,TGFB1 1248,
/Users/seshadrilab/Desktop/NGS_TCRSeq/alpha-pheno/Demultiplex/alpha-pheno-Plate1B-Alpha06-joined.VDJ.H3.L3.CH1.dnaH3.fa,SGL,TB-1117,15356,23437,TRAV8-3,TRAJ29,CAVGSASGNTPLVF,0.885,13599,,,,,,,,,,EOMES 438,,GATA3 975,,IFNG 977,,,,,,,,,RORC 1842,RUNX1 902,RUNX3 1942,,TGFB1 1391,
/Users/seshadrilab/Desktop/NGS_TCRSeq/alpha-pheno/Demultiplex/alpha-pheno-Plate1B-Alpha07-joined.VDJ.H3.L3.CH1.dnaH3.fa,SGL,TB-1117,15751,23675,TRAV26-1,TRAJ52,CTLRGAGGTSYGKLTF,0.906,14283,,,,,,,CD4 2670,,CTLA4 1978,,,,,,,,,,,,,,RORC 241,,RUNX3 9,,TGFB1 1318,
/Users/seshadrilab/Desktop/NGS_TCRSeq/alpha-pheno/Demultiplex/alpha-pheno-Plate1B-Alpha08-joined.VDJ.H3.L3.CH1.dnaH3.fa,SGL,TB-1117,334,23352,,,,,,,,,,,BCL6 1222,,CD8 1077,,,,,,,,,,,,,,PRF1 1152,RORC 86,RUNX1 775,RUNX3 1970,TBET 2624,TGFB1 1057,
/Users/seshadrilab/Desktop/NGS_TCRSeq/alpha-pheno/Demultiplex/alpha-pheno-Plate1B-Alpha09-joined.VDJ.H3.L3.CH1.dnaH3.fa,SGL,TB-1117,11021,24143,TRAV17,TRAJ3,CATDDDSSASKIIF,0.918,10127,,,,,,,,CD8 2363,,EOMES 235,,,GZMB 62,IFNG 312,,,,,,,,PRF1 1102,RORC 80,RUNX1 1405,,TBET 1325,TGFB1 1251,
/Users/seshadrilab/Desktop/NGS_TCRSeq/alpha-pheno/Demultiplex/alpha-pheno-Plate1B-Alpha10-joined.VDJ.H3.L3.CH1.dnaH3.fa,SGL,TB-1117,11027,27123,TRAV4,TRAJ34,CLVGANTDKLIF,0.914,10079,,,,,,,,,CTLA4 2681,,FOXP3 2028,,,,,,,,,,,,RORC 303,,,,TGFB1 1947,
/Users/seshadrilab/Desktop/NGS_TCRSeq/alpha-pheno/Demultiplex/alpha-pheno-Plate1B-Alpha11-joined.VDJ.H3.L3.CH1.dnaH3.fa,SGL,TB-1117,11729,23618,TRAV29/DV5,TRAJ49,CAALLTGNQFYF,0.819,8951,TRAV29/DV5,TRAJ43,,0.132,1446,,,,,EOMES 1621,,GATA3 996,,,,,,,,,,,RORC 65,RUNX1 1350,,TBET 2253,TGFB1 1523,TNF 1346
/Users/seshadrilab/Desktop/NGS_TCRSeq/alpha-pheno/Demultiplex/alpha-pheno-Plate1B-Alpha12-joined.VDJ.H3.L3.CH1.dnaH3.fa,SGL,TB-1117,11797,24414,TRAV13-2,TRAJ16,,0.992,11708,,,,,,,,,,,,GATA3 1087,,,,,,,,,,PRF1 15,,RUNX1 1537,,,TGFB1 1193,
/Users/seshadrilab/Desktop/NGS_TCRSeq/alpha-pheno/Demultiplex/alpha-pheno-Plate1C-Alpha01-joined.VDJ.H3.L3.CH1.dnaH3.fa,SGL,TB-1117,12126,18471,,TRAJ18 61 0,,0.822,9969,,,,,,,,,,,,GATA3 677,GZMB 6,,,,,,,,PDCD1 5,PRF1 672,RORC 1089,RUNX1 673,RUNX3 1167,TBET 2119,TGFB1 934,TNF 831
/Users/seshadrilab/Desktop/NGS_TCRSeq/alpha-pheno/Demultiplex/alpha-pheno-Plate1C-Alpha02-joined.VDJ.H3.L3.CH1.dnaH3.fa,SGL,TB-1117,13172,22422,TRAV19,TRAJ8,CALSEAGFQKLVF,0.931,12270,,,,,,BCL6 845,,,,,,GATA3 786,,IFNG 448,,,,,,,,PRF1 870,RORC 16,RUNX1 716,RUNX3 1729,TBET 880,TGFB1 904,
/Users/seshadrilab/Desktop/NGS_TCRSeq/alpha-pheno/Demultiplex/alpha-pheno-Plate1C-Alpha03-joined.VDJ.H3.L3.CH1.dnaH3.fa,SGL,TB-1117,11624,25281,TRAV8-6,TRAJ22,CAVSGISSGSARQLTF,0.804,9345,TRAV29/DV5,TRAJ29,,0.101,1180,,,,,,,,,,,,,,,,,,,,RUNX3 15,,TGFB1 1425,
/Users/seshadrilab/Desktop/NGS_TCRSeq/alpha-pheno/Demultiplex/alpha-pheno-Plate1C-Alpha04-joined.VDJ.H3.L3.CH1.dnaH3.fa,SGL,TB-1117,10763,21464,TRAV24,TRAJ49,CAFPVNTGNQFYF,0.857,9224,,,,,,,CD4 3211,,CTLA4 2350,,FOXP3 1466,GATA3 1190,,,,,,,,,,PRF1 1364,RORC 11,RUNX1 1657,RUNX3 7,,TGFB1 985,
/Users/seshadrilab/Desktop/NGS_TCRSeq/alpha-pheno/Demultiplex/alpha-pheno-Plate1C-Alpha05-joined.VDJ.H3.L3.CH1.dnaH3.fa,SGL,TB-1117,11965,25064,mTRDV2-2,TRAJ53,CASFSGGSNYKLTF,0.619,7404,TRAV41,TRAJ33,CAVKDSNYQLIW,0.265,3181,,CD4 2872,,CTLA4 2231,,,,,,,,,,,,,,,,RUNX3 2596,,TGFB1 893,
/Users/seshadrilab/Desktop/NGS_TCRSeq/alpha-pheno/Demultiplex/alpha-pheno-Plate1C-Alpha06-joined.VDJ.H3.L3.CH1.dnaH3.fa,SGL,TB-1117,11797,24025,,TRAJ27 57 0,CAMRETTYTNAGKSTF,0.43,5075,TRAV10,TRAJ6,CVVIGASGGSYIPTF,0.37,4368,,,,CTLA4 1860,EOMES 1903,,GATA3 1159,GZMB 6,IFNG 14,,,,,,,,PRF1 1158,RORC 1700,RUNX1 1127,RUNX3 1821,TBET 2643,TGFB1 1335,TNF 1398
/Users/seshadrilab/Desktop/NGS_TCRSeq/alpha-pheno/Demultiplex/alpha-pheno-Plate1C-Alpha07-joined.VDJ.H3.L3.CH1.dnaH3.fa,SGL,TB-1117,11829,24515,TRAV8-6,TRAJ21,CAVSVYNFNKFYF,0.916,10843,,,,,,,,CD8 2812,,EOMES 2569,,GATA3 1363,,,,,,,,,,,,RUNX1 1243,RUNX3 1936,TBET 2664,TGFB1 1272,TNF 1797
/Users/seshadrilab/Desktop/NGS_TCRSeq/alpha-pheno/Demultiplex/alpha-pheno-Plate1C-Alpha08-joined.VDJ.H3.L3.CH1.dnaH3.fa,SGL,TB-1117,11587,25211,TRAV12-3,TRAJ34,CAMSAQNTDKLIF,0.638,7400,TRAV3,TRAJ31,,0.22,2554,,,,CTLA4 3039,,FOXP3 1942,GATA3 1483,,,,,,,,,,,RORC 213,RUNX1 1261,RUNX3 2727,,TGFB1 1418,
/Users/seshadrilab/Desktop/NGS_TCRSeq/alpha-pheno/Demultiplex/alpha-pheno-Plate1C-Alpha09-joined.VDJ.H3.L3.CH1.dnaH3.fa,SGL,TB-1117,12245,21024,TRAV17,TRAJ53,CATVGGSNYKLTF,0.9,11021,,,,,,BCL6 936,CD4 2432,,CTLA4 1493,,FOXP3 1245,GATA3 1019,,,,,,,,MKI67 1791,,,,RUNX1 1121,RUNX3 1442,,TGFB1 253,
/Users/seshadrilab/Desktop/NGS_TCRSeq/alpha-pheno/Demultiplex/alpha-pheno-Plate1C-Alpha10-joined.VDJ.H3.L3.CH1.dnaH3.fa,SGL,TB-1117,12666,24081,TRAV19,TRAJ41,CALSEAGSNSGYELNF,0.535,6779,TRAV10,TRAJ45,,0.398,5048,,,,,,,GATA3 1059,,,,,,,,,,,,RUNX1 1046,RUNX3 1787,,TGFB1 933,
/Users/seshadrilab/Desktop/NGS_TCRSeq/alpha-pheno/Demultiplex/alpha-pheno-Plate1C-Alpha11-joined.VDJ.H3.L3.CH1.dnaH3.fa,SGL,TB-1117,11647,22255,TRAV3,TRAJ3,CAVRSQYSSASKIIF,0.88,10260,,,,,,,,,,,FOXP3 1225,GATA3 744,,,,,,,,,,,RORC 340,,RUNX3 2250,,TGFB1 1060,
/Users/seshadrilab/Desktop/NGS_TCRSeq/alpha-pheno/Demultiplex/alpha-pheno-Plate1C-Alpha12-joined.VDJ.H3.L3.CH1.dnaH3.fa,SGL,TB-1117,12683,20054,TRAV12-3,TRAJ11,CAMSSGYSTLTF,0.872,11057,,,,,,,,CD8 352,CTLA4 766,,,,,IFNG 718,,,,,,,,PRF1 672,RORC 5,RUNX1 564,RUNX3 1457,TBET 1316,TGFB1 922,TNF 858
/Users/seshadrilab/Desktop/NGS_TCRSeq/alpha-pheno/Demultiplex/alpha-pheno-Plate1D-Alpha01-joined.VDJ.H3.L3.CH1.dnaH3.fa,SGL,TB-1117,11323,21119,,TRAJ34 52 0,CAVQAGNTDKLIF,0.386,4364,TRAV12-2,TRAJ39,,0.195,2206,,,,,,FOXP3 1222,,,,,,,,,,,,,RUNX1 1332,,,TGFB1 697,
/Users/seshadrilab/Desktop/NGS_TCRSeq/alpha-pheno/Demultiplex/alpha-pheno-Plate1D-Alpha02-joined.VDJ.H3.L3.CH1.dnaH3.fa,SGL,TB-1117,12608,20766,TRAV13-1,TRAJ3,CAARDSSASKIIF,0.694,8756,TRAV8-1,TRAJ22,,0.247,3123,,CD4 2783,,,,,,,,,,,,,,,,,RUNX1 1349,,,,
/Users/seshadrilab/Desktop/NGS_TCRSeq/alpha-pheno/Demultiplex/alpha-pheno-Plate1D-Alpha03-joined.VDJ.H3.L3.CH1.dnaH3.fa,SGL,TB-1117,14530,20184,TRAV19,TRAJ38,CALSGRRAGNNRKLIW,0.734,6675,TRAV13-1,TRAJ39,CAARGAGNMLTF,0.188,1709,,CD4 2906,,CTLA4 1789,,FOXP3 1587,GATA3 1079,,,,,,,,,,,RORC 79,RUNX1 1451,,,TGFB1 1370,
/Users/seshadrilab/Desktop/NGS_TCRSeq/alpha-pheno/Demultiplex/alpha-pheno-Plate1D-Alpha04-joined.VDJ.H3.L3.CH1.dnaH3.fa,SGL,TB-1117,13924,21128,TRAV12-1,TRAJ9,CVVEFGGFKTIF,0.836,11645,,,,,,,,,CTLA4 2652,,FOXP3 1496,GATA3 7,,,,,,,,,,,RORC 47,RUNX1 1113,RUNX3 2179,,TGFB1 1209,
/Users/seshadrilab/Desktop/NGS_TCRSeq/alpha-pheno/Demultiplex/alpha-pheno-Plate1D-Alpha05-joined.VDJ.H3.L3.CH1.dnaH3.fa,SGL,TB-1117,8404,22342,,TRAJ16 56 1,,0.709,5959,TRAV13-1,TRAJ44,,0.164,1382,,,,CTLA4 2500,,FOXP3 1850,GATA3 1344,,,,,,,,,,,RORC 338,,,,TGFB1 1382,
/Users/seshadrilab/Desktop/NGS_TCRSeq/alpha-pheno/Demultiplex/alpha-pheno-Plate1D-Alpha06-joined.VDJ.H3.L3.CH1.dnaH3.fa,SGL,TB-1117,9777,23807,TRAV4,TRAJ26,CLVGRSYGQNFVF,0.921,9004,,,,,,,,,,EOMES 1199,,,,,,,,,,,,PRF1 1015,RORC 167,RUNX1 933,RUNX3 1987,TBET 2657,TGFB1 1062,TNF 1319
/Users/seshadrilab/Desktop/NGS_TCRSeq/alpha-pheno/Demultiplex/alpha-pheno-Plate1D-Alpha07-joined.VDJ.H3.L3.CH1.dnaH3.fa,SGL,TB-1117,10408,21792,TRAV21,TRAJ30,,0.819,8525,TRAV13-2,TRAJ49,CAESLDTGNQFYF,0.166,1732,,,CD8 2442,CTLA4 2146,,,GATA3 1196,,,,,IL13 1663,,,MKI67 4602,,PRF1 1287,,RUNX1 5,RUNX3 2495,TBET 834,TGFB1 56,
/Users/seshadrilab/Desktop/NGS_TCRSeq/alpha-pheno/Demultiplex/alpha-pheno-Plate1D-Alpha08-joined.VDJ.H3.L3.CH1.dnaH3.fa,SGL,TB-1117,9833,24346,TRAV3,TRAJ30,CAVRGSDDKIIF,0.878,8637,,,,,,,,,CTLA4 3785,,FOXP3 2177,GATA3 1777,,,,,,,,,,,RORC 376,,RUNX3 6,,TGFB1 1753,
/Users/seshadrilab/Desktop/NGS_TCRSeq/alpha-pheno/Demultiplex/alpha-pheno-Plate1D-Alpha09-joined.VDJ.H3.L3.CH1.dnaH3.fa,SGL,TB-1117,11344,22703,TRAV12-2,TRAJ16,,0.989,11219,,,,,,,,CD8 2614,,EOMES 2194,,GATA3 1175,,,,,,,,,,PRF1 1337,,RUNX1 1015,RUNX3 2097,TBET 2100,TGFB1 984,
/Users/seshadrilab/Desktop/NGS_TCRSeq/alpha-pheno/Demultiplex/alpha-pheno-Plate1D-Alpha10-joined.VDJ.H3.L3.CH1.dnaH3.fa,SGL,TB-1117,12044,25558,TRAV8-1,TRAJ10,CAERLTGGGNKLTF,0.48,5788,TRAV3,TRAJ6,CAVRDGRAGGSYIPTF,0.44,5307,,,,CTLA4 2179,,FOXP3 1737,GATA3 1261,,,,,,,,,PDCD1 21,,RORC 42,,RUNX3 3128,,TGFB1 1324,
/Users/seshadrilab/Desktop/NGS_TCRSeq/alpha-pheno/Demultiplex/alpha-pheno-Plate1D-Alpha11-joined.VDJ.H3.L3.CH1.dnaH3.fa,SGL,TB-1117,6081,23475,TRAV8-3,TRAJ7,CAVGAWGNNRLAF,0.573,3489,TRAV9-1,TRAJ20,,0.37,2250,,,,CTLA4 2011,,,,,,,,,,,,,,RORC 474,RUNX1 1106,RUNX3 2404,,TGFB1 1105,
/Users/seshadrilab/Desktop/NGS_TCRSeq/alpha-pheno/Demultiplex/alpha-pheno-Plate1D-Alpha12-joined.VDJ.H3.L3.CH1.dnaH3.fa,SGL,TB-1117,12980,22380,TRAV26-1,TRAJ39,CIVRVDAGNMLTF,0.905,11752,,,,,,,,,CTLA4 2199,,FOXP3 1811,GATA3 1292,,,,,,,,,,,,RUNX1 1760,,,TGFB1 1475,
/Users/seshadrilab/Desktop/NGS_TCRSeq/alpha-pheno/Demultiplex/alpha-pheno-Plate1E-Alpha01-joined.VDJ.H3.L3.CH1.dnaH3.fa,SGL,TB-1117,88,23501,,,,,,,,,,,,,,CTLA4 1785,,FOXP3 5,,,,,,,,,,,,,,RUNX3 2485,,TGFB1 870,TNF 1374
/Users/seshadrilab/Desktop/NGS_TCRSeq/alpha-pheno/Demultiplex/alpha-pheno-Plate1E-Alpha02-joined.VDJ.H3.L3.CH1.dnaH3.fa,SGL,TB-1117,11923,23652,TRAV13-2,TRAJ54,CAEKGAQKLVF,0.93,11094,,,,,,,,,CTLA4 1889,,FOXP3 1587,GATA3 1049,,,,,,,,,,,,RUNX1 1087,RUNX3 2084,,TGFB1 1653,
/Users/seshadrilab/Desktop/NGS_TCRSeq/alpha-pheno/Demultiplex/alpha-pheno-Plate1E-Alpha03-joined.VDJ.H3.L3.CH1.dnaH3.fa,SGL,TB-1117,11046,22293,TRAV19,TRAJ33,CALGPFSDSNYQLIW,0.675,7462,TRAV13-1,TRAJ33,CAATLNYQLIW,0.24,2653,,,,CTLA4 1789,EOMES 16,FOXP3 1428,GATA3 1004,,,,,,,,,,,RORC 76,RUNX1 923,RUNX3 1978,,TGFB1 1437,
/Users/seshadrilab/Desktop/NGS_TCRSeq/alpha-pheno/Demultiplex/alpha-pheno-Plate1E-Alpha04-joined.VDJ.H3.L3.CH1.dnaH3.fa,SGL,TB-1117,11470,23486,mTRAV14D-1,TRAJ58,CAASGETSGSRLTF,0.905,10389,,,,,,,,CD8 2735,,,,GATA3 1172,,,,,,,,,,,,RUNX1 1091,RUNX3 1794,TBET 2916,TGFB1 1508,
/Users/seshadrilab/Desktop/NGS_TCRSeq/alpha-pheno/Demultiplex/alpha-pheno-Plate1E-Alpha05-joined.VDJ.H3.L3.CH1.dnaH3.fa,SGL,TB-1117,150,24993,,,,,,,,,,,,,,,,,,,,,,,,,,,,,RUNX1 865,RUNX3 1545,,TGFB1 1274,
/Users/seshadrilab/Desktop/NGS_TCRSeq/alpha-pheno/Demultiplex/alpha-pheno-Plate1E-Alpha06-joined.VDJ.H3.L3.CH1.dnaH3.fa,SGL,TB-1117,10605,23246,,TRAJ18 61 0,,0.79,8381,,TRAJ18 61 1,,0.105,1115,,,,CTLA4 1830,,,GATA3 971,GZMB 664,IFNG 411,,,,,,,,PRF1 1039,,RUNX1 834,RUNX3 2014,TBET 3119,TGFB1 1617,
/Users/seshadrilab/Desktop/NGS_TCRSeq/alpha-pheno/Demultiplex/alpha-pheno-Plate1E-Alpha07-joined.VDJ.H3.L3.CH1.dnaH3.fa,SGL,TB-1117,9496,15687,mTRAV14D-1,TRAJ28,CAATGFGAGSYQLTF,0.885,8411,,,,,,,CD4 1708,,,EOMES 1304,,GATA3 709,,IFNG 237,,,,,,,,PRF1 820,,RUNX1 560,RUNX3 1267,TBET 1284,TGFB1 691,
/Users/seshadrilab/Desktop/NGS_TCRSeq/alpha-pheno/Demultiplex/alpha-pheno-Plate1E-Alpha08-joined.VDJ.H3.L3.CH1.dnaH3.fa,SGL,TB-1117,9610,22719,TRAV3,TRAJ42,CAVRTIYGGSQGNLIF,0.8,7692,TRAV29/DV5,TRAJ26,CAASANNYGQNFVF,0.117,1127,,,,,EOMES 3189,,GATA3 1345,,IFNG 483,,,,,,,,PRF1 1442,RORC 104,,RUNX3 3178,TBET 1617,TGFB1 1606,
/Users/seshadrilab/Desktop/NGS_TCRSeq/alpha-pheno/Demultiplex/alpha-pheno-Plate1E-Alpha09-joined.VDJ.H3.L3.CH1.dnaH3.fa,SGL,TB-1117,11881,21204,TRAV26-2,TRAJ36,,0.516,6137,TRAV21,TRAJ34,CAVFYNTDKLIF,0.441,5243,,,CD8 3041,CTLA4 2417,,FOXP3 1846,GATA3 1124,,,,,,,,,,,RORC 5,RUNX1 1305,RUNX3 1680,,TGFB1 1310,TNF 1583
/Users/seshadrilab/Desktop/NGS_TCRSeq/alpha-pheno/Demultiplex/alpha-pheno-Plate1E-Alpha10-joined.VDJ.H3.L3.CH1.dnaH3.fa,SGL,TB-1117,10502,22549,TRAV25,TRAJ36,CAGTPGANNLFF,0.672,7065,TRAV12-3,TRAJ40,,0.279,2930,,CD4 1877,,,,,,,,,,,,,,,,,RUNX1 715,RUNX3 1784,,TGFB1 691,
/Users/seshadrilab/Desktop/NGS_TCRSeq/alpha-pheno/Demultiplex/alpha-pheno-Plate1E-Alpha11-joined.VDJ.H3.L3.CH1.dnaH3.fa,SGL,TB-1117,7823,21797,TRAV36/DV7,TRAJ18,CAGADRGSTLGRLYF,0.908,7045,,,,,,,,,CTLA4 1952,,FOXP3 1573,GATA3 1027,,,,,,,,,,,,RUNX1 1096,RUNX3 1991,,TGFB1 759,
/Users/seshadrilab/Desktop/NGS_TCRSeq/alpha-pheno/Demultiplex/alpha-pheno-Plate1E-Alpha12-joined.VDJ.H3.L3.CH1.dnaH3.fa,SGL,TB-1117,8379,21591,TRAV36/DV7,TRAJ27,CAVERTNAGKSTF,0.925,7729,,,,,,,CD4 1739,,,,,GATA3 750,,,,,,,,,,,RORC 31,RUNX1 729,RUNX3 1738,,TGFB1 1059,
/Users/seshadrilab/Desktop/NGS_TCRSeq/alpha-pheno/Demultiplex/alpha-pheno-Plate1F-Alpha01-joined.VDJ.H3.L3.CH1.dnaH3.fa,SGL,TB-1117,154,23056,,,,,,,,,,,,,,CTLA4 1966,,,GATA3 1032,,,,,,,,,,,RORC 115,,RUNX3 2776,,TGFB1 363,
/Users/seshadrilab/Desktop/NGS_TCRSeq/alpha-pheno/Demultiplex/alpha-pheno-Plate1F-Alpha02-joined.VDJ.H3.L3.CH1.dnaH3.fa,SGL,TB-1117,8615,20150,TRAV12-1,TRAJ9,CVVVNTGGFKTIF,0.81,6979,TRAV12-1,TRAJ4,,0.119,1029,,,,,,,GATA3 666,,,,,,,,,,,RORC 109,RUNX1 650,RUNX3 1602,,TGFB1 1065,
/Users/seshadrilab/Desktop/NGS_TCRSeq/alpha-pheno/Demultiplex/alpha-pheno-Plate1F-Alpha03-joined.VDJ.H3.L3.CH1.dnaH3.fa,SGL,TB-1117,11151,23242,TRAV26-1,TRAJ17,CIVRGGIKAAGNKLTF,0.842,9386,,,,,,,,CD8 2088,CTLA4 6,,,GATA3 920,,,,,,,,,,,,RUNX1 1007,RUNX3 1210,TBET 1253,TGFB1 1351,TNF 1308
/Users/seshadrilab/Desktop/NGS_TCRSeq/alpha-pheno/Demultiplex/alpha-pheno-Plate1F-Alpha04-joined.VDJ.H3.L3.CH1.dnaH3.fa,SGL,TB-1117,11373,24089,TRAV12-1,TRAJ32,CVVNPTGGATNKLIF,0.485,5515,TRAV13-1,TRAJ5,,0.468,5325,,,,,,,,,,,,,,,,,,RORC 141,,RUNX3 2772,,TGFB1 1279,
/Users/seshadrilab/Desktop/NGS_TCRSeq/alpha-pheno/Demultiplex/alpha-pheno-Plate1F-Alpha05-joined.VDJ.H3.L3.CH1.dnaH3.fa,SGL,TB-1117,9886,20300,TRAV12-3,TRAJ11,CAMSSGYSTLTF,0.8,7908,TRAV13-1,TRAJ47,,0.141,1403,,,,CTLA4 1688,EOMES 1510,,,GZMB 62,IFNG 323,,,,,,,,PRF1 972,,RUNX1 751,RUNX3 1425,TBET 1613,TGFB1 1128,
/Users/seshadrilab/Desktop/NGS_TCRSeq/alpha-pheno/Demultiplex/alpha-pheno-Plate1F-Alpha06-joined.VDJ.H3.L3.CH1.dnaH3.fa,SGL,TB-1117,10552,22177,TRAV13-1,TRAJ4,,0.836,8826,TRAV5,TRAJ37,CAEIPSGNTGKLIF,0.149,1577,BCL6 1044,,,CTLA4 1546,EOMES 2181,,,,,,,,,,,,,RORC 14,,RUNX3 2135,TBET 1077,TGFB1 1568,
/Users/seshadrilab/Desktop/NGS_TCRSeq/alpha-pheno/Demultiplex/alpha-pheno-Plate1F-Alpha07-joined.VDJ.H3.L3.CH1.dnaH3.fa,SGL,TB-1117,12169,21861,,TRAJ20 51 0,CAVQADDYKLSF,0.832,10130,,,,,,,,CD8 1937,,EOMES 1696,,,,,,,,,,,,PRF1 976,RORC 10,,RUNX3 1647,TBET 1875,TGFB1 1123,
/Users/seshadrilab/Desktop/NGS_TCRSeq/alpha-pheno/Demultiplex/alpha-pheno-Plate1F-Alpha08-joined.VDJ.H3.L3.CH1.dnaH3.fa,SGL,TB-1117,11143,21697,TRAV8-4,TRAJ29,CAVRRRSGNTPLVF,0.694,7732,TRAV6,TRAJ28,,0.235,2626,,,,CTLA4 3199,,,GATA3 1607,,,,,,,,,,,RORC 213,RUNX1 2124,,,TGFB1 431,
/Users/seshadrilab/Desktop/NGS_TCRSeq/alpha-pheno/Demultiplex/alpha-pheno-Plate1F-Alpha09-joined.VDJ.H3.L3.CH1.dnaH3.fa,SGL,TB-1117,12580,22265,TRAV8-3,TRAJ40,CAVGTSGTYKYIF,0.763,9600,TRAV13-2,TRAJ24,CAENFTTDSWGKLQF,0.172,2166,,,,CTLA4 2882,,FOXP3 1909,GATA3 1406,,,,,,,,,,,RORC 155,RUNX1 1449,RUNX3 2059,,TGFB1 646,
/Users/seshadrilab/Desktop/NGS_TCRSeq/alpha-pheno/Demultiplex/alpha-pheno-Plate1F-Alpha10-joined.VDJ.H3.L3.CH1.dnaH3.fa,SGL,TB-1117,13099,23221,TRAV19,TRAJ8,CALSEAGFQKLVF,0.924,12103,,,,,,,,,,,,GATA3 841,GZMB 13,,,,,,,,,PRF1 901,RORC 11,RUNX1 743,RUNX3 1605,TBET 1836,TGFB1 1192,
/Users/seshadrilab/Desktop/NGS_TCRSeq/alpha-pheno/Demultiplex/alpha-pheno-Plate1F-Alpha11-joined.VDJ.H3.L3.CH1.dnaH3.fa,SGL,TB-1117,12512,21174,TRAV9-1,TRAJ29,CALLPSGNTPLVF,0.688,8615,TRAV8-3,TRAJ16,,0.23,2882,,,,CTLA4 1689,,FOXP3 1387,GATA3 906,,,,,,,,,,,,RUNX1 979,RUNX3 1502,,TGFB1 1436,
/Users/seshadrilab/Desktop/NGS_TCRSeq/alpha-pheno/Demultiplex/alpha-pheno-Plate1F-Alpha12-joined.VDJ.H3.L3.CH1.dnaH3.fa,SGL,TB-1117,10956,20263,TRAV12-2,TRAJ16,,0.875,9584,,,,,,,,CD8 1852,,EOMES 2277,,GATA3 956,,IFNG 178,,,,,,,,,RORC 6,RUNX1 800,RUNX3 1495,TBET 1165,TGFB1 351,
/Users/seshadrilab/Desktop/NGS_TCRSeq/alpha-pheno/Demultiplex/alpha-pheno-Plate1G-Alpha01-joined.VDJ.H3.L3.CH1.dnaH3.fa,SGL,TB-1117,12465,21017,TRAV16,TRAJ20,,0.568,7089,TRAV21,TRAJ11,CAVRAGGDSTLTF,0.351,4378,,,,,,,GATA3 694,,,,,,,,,,,RORC 218,RUNX1 669,RUNX3 1395,,TGFB1 1083,TNF 862
/Users/seshadrilab/Desktop/NGS_TCRSeq/alpha-pheno/Demultiplex/alpha-pheno-Plate1G-Alpha02-joined.VDJ.H3.L3.CH1.dnaH3.fa,SGL,TB-1117,12724,20054,mTRAV14D-1,TRAJ29,CAASDSGNTPLVF,0.885,11260,,,,,,,,CD8 1878,,EOMES 1315,,GATA3 861,GZMB 5,,,,,,,,,PRF1 865,,RUNX1 819,RUNX3 1336,TBET 1313,TGFB1 1207,TNF 1049
/Users/seshadrilab/Desktop/NGS_TCRSeq/alpha-pheno/Demultiplex/alpha-pheno-Plate1G-Alpha03-joined.VDJ.H3.L3.CH1.dnaH3.fa,SGL,TB-1117,11430,20984,TRAV4,TRAJ39,,0.545,6229,TRAV35,TRAJ10,CAGHGSGGGNKLTF,0.404,4624,,,CD8 1964,,,,GATA3 902,,,,,,,IL2 89,,,,RORC 207,RUNX1 788,RUNX3 1497,,TGFB1 1433,
/Users/seshadrilab/Desktop/NGS_TCRSeq/alpha-pheno/Demultiplex/alpha-pheno-Plate1G-Alpha04-joined.VDJ.H3.L3.CH1.dnaH3.fa,SGL,TB-1117,11809,20427,TRAV26-2,TRAJ42,,0.826,9754,TRAV13-2,TRAJ24,CAENPPVEADSWGKLQF,0.151,1789,,,,,,FOXP3 1350,GATA3 1031,,,,,,,,,,,RORC 185,RUNX1 911,RUNX3 1931,,TGFB1 1255,
/Users/seshadrilab/Desktop/NGS_TCRSeq/alpha-pheno/Demultiplex/alpha-pheno-Plate1G-Alpha05-joined.VDJ.H3.L3.CH1.dnaH3.fa,SGL,TB-1117,9513,21157,TRAV17,TRAJ3,CATDDDSSASKIIF,0.925,8796,,,,,,,,,,,,GATA3 750,GZMB 78,,,,,,,,,PRF1 847,,RUNX1 753,RUNX3 1547,TBET 2390,TGFB1 834,TNF 1058
/Users/seshadrilab/Desktop/NGS_TCRSeq/alpha-pheno/Demultiplex/alpha-pheno-Plate1G-Alpha06-joined.VDJ.H3.L3.CH1.dnaH3.fa,SGL,TB-1117,8928,22320,TRAV12-2,TRAJ40,CAVSADGAYKYIF,0.925,8263,,,,,,,,,CTLA4 2037,EOMES 1934,,GATA3 1087,,,,,,,,,,,RORC 81,RUNX1 1105,RUNX3 1924,,TGFB1 1453,
/Users/seshadrilab/Desktop/NGS_TCRSeq/alpha-pheno/Demultiplex/alpha-pheno-Plate1G-Alpha07-joined.VDJ.H3.L3.CH1.dnaH3.fa,SGL,TB-1117,9015,23622,TRAV8-4,TRAJ13,CAVSVPGGYQKVTF,0.809,7300,,TRAJ27 50 1,,0.111,1003,,,,CTLA4 2044,,FOXP3 1601,GATA3 1109,,,,,,,,,,,,RUNX1 1417,,,TGFB1 1407,
/Users/seshadrilab/Desktop/NGS_TCRSeq/alpha-pheno/Demultiplex/alpha-pheno-Plate1G-Alpha08-joined.VDJ.H3.L3.CH1.dnaH3.fa,SGL,TB-1117,9336,22123,TRAV12-2,TRAJ32,,0.688,6429,TRAV5,TRAJ26,CAVVYGQNFVF,0.287,2682,,,,,EOMES 2685,,GATA3 1302,,,,,,,,,,PRF1 1412,,RUNX1 1151,RUNX3 2244,TBET 2042,TGFB1 1177,TNF 1642
/Users/seshadrilab/Desktop/NGS_TCRSeq/alpha-pheno/Demultiplex/alpha-pheno-Plate1G-Alpha09-joined.VDJ.H3.L3.CH1.dnaH3.fa,SGL,TB-1117,11417,21826,TRAV9-1,TRAJ10,CALPTGGGNKLTF,0.585,6681,TRAV1-2,TRAJ13,CAVTAGGYQKVTF,0.34,3888,,,,CTLA4 2206,,FOXP3 1448,,,,,,,,,,,,,,RUNX3 2526,,TGFB1 1103,
/Users/seshadrilab/Desktop/NGS_TCRSeq/alpha-pheno/Demultiplex/alpha-pheno-Plate1G-Alpha10-joined.VDJ.H3.L3.CH1.dnaH3.fa,Cell Line,TB-1117,288,22065,,,,,,,,,,,,,,,,,,,,,,,,,,,,RORC 474,RUNX1 1302,RUNX3 5,,TGFB1 383,
/Users/seshadrilab/Desktop/NGS_TCRSeq/alpha-pheno/Demultiplex/alpha-pheno-Plate1G-Alpha11-joined.VDJ.H3.L3.CH1.dnaH3.fa,Blank,TB-1117,132,18684,,,,,,,,,,,,,,,,,,,,,,,,,,,,,,,,,
/Users/seshadrilab/Desktop/NGS_TCRSeq/alpha-pheno/Demultiplex/alpha-pheno-Plate1G-Alpha12-joined.VDJ.H3.L3.CH1.dnaH3.fa,Tet (-),TB-1117,10086,21366,TRAV12-1,TRAJ20,CVVKLNDYKLSF,0.929,9369,,,,,,,,,,,,,,,,,,,,,,,RORC 71,RUNX1 646,RUNX3 1551,,TGFB1 1191,
/Users/seshadrilab/Desktop/NGS_TCRSeq/alpha-pheno/Demultiplex/alpha-pheno-Plate1H-Alpha01-joined.VDJ.H3.L3.CH1.dnaH3.fa,Tet (-),TB-1117,11807,24377,,TRAJ23 56 0,,0.468,5537,TRAV8-3,TRAJ20,CAVGSPTNDYKLSF,0.432,5105,,,,,,,,,,,IL12A 1450,,,,,,,RORC 158,RUNX1 1457,,,TGFB1 1230,
/Users/seshadrilab/Desktop/NGS_TCRSeq/alpha-pheno/Demultiplex/alpha-pheno-Plate1H-Alpha02-joined.VDJ.H3.L3.CH1.dnaH3.fa,Tet (-),TB-1117,9730,25583,TRAV36/DV7,TRAJ58,CAVEEGASGSRLTF,0.916,8907,,,,,,,CD4 2712,,,,,,,,,,,,,,,,,RUNX1 1011,RUNX3 1831,,TGFB1 1069,
/Users/seshadrilab/Desktop/NGS_TCRSeq/alpha-pheno/Demultiplex/alpha-pheno-Plate1H-Alpha03-joined.VDJ.H3.L3.CH1.dnaH3.fa,Tet (-),TB-1117,11340,26347,TRAV19,TRAJ3,CATYSSASKIIF,0.649,7368,TRAV12-3,TRAJ6,CAMSAPIRTGGSYIPTF,0.275,3118,,CD4 3165,,,,,,,,,,,,,,,,,RUNX1 1572,RUNX3 7,,TGFB1 1092,
/Users/seshadrilab/Desktop/NGS_TCRSeq/alpha-pheno/Demultiplex/alpha-pheno-Plate1H-Alpha04-joined.VDJ.H3.L3.CH1.dnaH3.fa,Tet (-),TB-1117,11899,25434,TRAV27,TRAJ23,CVKSQGGKLIF,0.78,9290,TRAV8-6,TRAJ54,,0.162,1931,,CD4 3933,,,,,,,,,,,,,,,,,RUNX1 10,RUNX3 8,,TGFB1 965,
/Users/seshadrilab/Desktop/NGS_TCRSeq/alpha-pheno/Demultiplex/alpha-pheno-Plate1H-Alpha05-joined.VDJ.H3.L3.CH1.dnaH3.fa,Tet (-),TB-1117,12789,21641,TRAV25,TRAJ26,CAGRDNYGQNFVF,0.514,6574,TRAV8-6,TRAJ24,CAVSGWPDSWGKLQF,0.397,5085,,,CD8 2352,,,,GATA3 779,,,,,,,,,,,RORC 20,,RUNX3 1960,,TGFB1 29,
/Users/seshadrilab/Desktop/NGS_TCRSeq/alpha-pheno/Demultiplex/alpha-pheno-Plate1H-Alpha06-joined.VDJ.H3.L3.CH1.dnaH3.fa,Tet (-),TB-1117,11780,23472,TRAV13-2,TRAJ29,CAENSGNTPLVF,0.927,10921,,,,,,,,,,,,,,,,,,,,,,,RORC 9,RUNX1 1154,RUNX3 1989,,TGFB1 351,
/Users/seshadrilab/Desktop/NGS_TCRSeq/alpha-pheno/Demultiplex/alpha-pheno-Plate1H-Alpha07-joined.VDJ.H3.L3.CH1.dnaH3.fa,Tet (-),TB-1117,13104,22021,TRAV25,TRAJ23,,0.496,6508,TRAV9-1,TRAJ42,CALSVSGGSQGNLIF,0.461,6043,,,,CTLA4 2038,,FOXP3 1605,GATA3 1208,,,,,,,,,,,RORC 193,RUNX1 1166,RUNX3 2295,,TGFB1 1201,
/Users/seshadrilab/Desktop/NGS_TCRSeq/alpha-pheno/Demultiplex/alpha-pheno-Plate1H-Alpha08-joined.VDJ.H3.L3.CH1.dnaH3.fa,Tet (-),TB-1117,13710,23414,TRAV26-1,TRAJ8,CIVRPANTGFQKLVF,0.914,12540,,,,,,,,,,,,GATA3 1498,,,,,,,,,,,RORC 186,RUNX1 1995,,,TGFB1 205,
/Users/seshadrilab/Desktop/NGS_TCRSeq/alpha-pheno/Demultiplex/alpha-pheno-Plate1H-Alpha09-joined.VDJ.H3.L3.CH1.dnaH3.fa,Tet (-),TB-1117,10008,22585,mTRAV14D-1,TRAJ54,CAVAYPQGAQKLVF,0.663,6636,TRAV12-2,TRAJ52,,0.275,2756,,,,,,,,,,,,,,,,,,,RUNX1 990,RUNX3 2035,,TGFB1 1301,
/Users/seshadrilab/Desktop/NGS_TCRSeq/alpha-pheno/Demultiplex/alpha-pheno-Plate1H-Alpha10-joined.VDJ.H3.L3.CH1.dnaH3.fa,Tet (-),TB-1117,8587,23635,TRAV26-1,TRAJ39,,0.936,8038,,,,,,,,,,,,,,,,,,,,,,,,RUNX1 1642,,,TGFB1 1334,
/Users/seshadrilab/Desktop/NGS_TCRSeq/alpha-pheno/Demultiplex/alpha-pheno-Plate1H-Alpha11-joined.VDJ.H3.L3.CH1.dnaH3.fa,Cell Line,TB-1117,3708,21260,TRAV8-6,TRAJ3,CAVKAGYSSASKIIF,0.807,2994,TRAV12-3,TRAJ20,,0.123,459,BCL6 1219,CD4 5,,,EOMES 2663,,GATA3 1066,GZMB 106,IFNG 111,,,,,,,,PRF1 1089,RORC 1699,RUNX1 1208,RUNX3 1704,TBET 1333,TGFB1 1188,TNF 1412
/Users/seshadrilab/Desktop/NGS_TCRSeq/alpha-pheno/Demultiplex/alpha-pheno-Plate1H-Alpha12-joined.VDJ.H3.L3.CH1.dnaH3.fa,Blank,TB-1117,120,22474,,,,,,,,,,,,,,,,,,,,,,,,,,,,,,,,,
/Users/seshadrilab/Desktop/NGS_TCRSeq/alpha-pheno/Demultiplex/alpha-pheno-Plate2A-Alpha01-joined.VDJ.H3.L3.CH1.dnaH3.fa,GMM,TB-1117,11651,26546,TRAV8-4,TRAJ5,CVVSDRAGRRALTF,0.68,7923,TRAV8-6,TRAJ7,,0.219,2552,,,,,,,GATA3 1053,,,,,,,,,,,RORC 1988,,RUNX3 2447,,TGFB1 1612,
/Users/seshadrilab/Desktop/NGS_TCRSeq/alpha-pheno/Demultiplex/alpha-pheno-Plate2A-Alpha02-joined.VDJ.H3.L3.CH1.dnaH3.fa,GMM,TB-1117,13476,26197,TRAV19,TRAJ29,CALRASGNTPLVF,0.924,12455,,,,,,,,CD8 2443,,EOMES 2525,,,,,,,,,,,,PRF1 1121,,RUNX1 1397,,TBET 220,TGFB1 1278,
/Users/seshadrilab/Desktop/NGS_TCRSeq/alpha-pheno/Demultiplex/alpha-pheno-Plate2A-Alpha03-joined.VDJ.H3.L3.CH1.dnaH3.fa,GMM,TB-1117,34,25537,,,,,,,,,,,,,,CTLA4 2136,,,,,,,,,,,,,,RORC 344,RUNX1 1569,,,,
/Users/seshadrilab/Desktop/NGS_TCRSeq/alpha-pheno/Demultiplex/alpha-pheno-Plate2A-Alpha04-joined.VDJ.H3.L3.CH1.dnaH3.fa,GMM,TB-1117,88,26054,,,,,,,,,,,,,,,,,GATA3 1260,,,,,,,,,,,RORC 260,,RUNX3 3218,,TGFB1 547,
/Users/seshadrilab/Desktop/NGS_TCRSeq/alpha-pheno/Demultiplex/alpha-pheno-Plate2A-Alpha05-joined.VDJ.H3.L3.CH1.dnaH3.fa,GMM,TB-1117,12198,21601,TRAV29/DV5,TRAJ45,CASRGGADGLTF,0.934,11396,,,,,,BCL6 803,,,,,,,,,,,,,,,,,,,RUNX3 1660,,TGFB1 947,
/Users/seshadrilab/Desktop/NGS_TCRSeq/alpha-pheno/Demultiplex/alpha-pheno-Plate2A-Alpha06-joined.VDJ.H3.L3.CH1.dnaH3.fa,GMM,TB-1117,12731,21912,TRAV26-1,TRAJ22,CIVRLTSGSARQLTF,0.664,8460,TRAV8-6,TRAJ23,CAVSAWVYNQGGKLIF,0.26,3318,,,,CTLA4 1542,,,GATA3 883,,,,,,,,,,,,RUNX1 901,RUNX3 1572,,TGFB1 1243,
/Users/seshadrilab/Desktop/NGS_TCRSeq/alpha-pheno/Demultiplex/alpha-pheno-Plate2A-Alpha07-joined.VDJ.H3.L3.CH1.dnaH3.fa,GMM,TB-1117,11442,21445,TRAV3,TRAJ5,CAVEGRRALTF,0.632,7236,TRAV13-1,TRAJ6,CAASGGGSYIPTF,0.292,3349,,,,,,,GATA3 705,,,,,,,,,,,RORC 99,RUNX1 699,RUNX3 1503,,TGFB1 1143,TNF 971
/Users/seshadrilab/Desktop/NGS_TCRSeq/alpha-pheno/Demultiplex/alpha-pheno-Plate2A-Alpha08-joined.VDJ.H3.L3.CH1.dnaH3.fa,GMM,TB-1117,12432,21754,TRAV34,TRAJ37,CGAESAGNTGKLIF,0.649,8079,TRAV13-1,TRAJ18,CAASFRGSTLGRLYF,0.182,2263,,,,,,,GATA3 910,,,,,,,,,,,RORC 7,RUNX1 754,RUNX3 1922,,TGFB1 965,
/Users/seshadrilab/Desktop/NGS_TCRSeq/alpha-pheno/Demultiplex/alpha-pheno-Plate2A-Alpha09-joined.VDJ.H3.L3.CH1.dnaH3.fa,GMM,TB-1117,11614,23455,TRAV3,TRAJ16,,0.558,6489,TRAV5,TRAJ5,CAGADTGRRALTF,0.412,4791,,,,CTLA4 2225,,,GATA3 1170,,,,,,,,,,,RORC 146,RUNX1 1577,,,TGFB1 1480,
/Users/seshadrilab/Desktop/NGS_TCRSeq/alpha-pheno/Demultiplex/alpha-pheno-Plate2A-Alpha10-joined.VDJ.H3.L3.CH1.dnaH3.fa,GMM,TB-1117,116,26809,,,,,,,,,,,,,,,,,,,,,,,,,,,,RORC 215,,,,,
/Users/seshadrilab/Desktop/NGS_TCRSeq/alpha-pheno/Demultiplex/alpha-pheno-Plate2A-Alpha11-joined.VDJ.H3.L3.CH1.dnaH3.fa,GMM,TB-1117,178,26019,,,,,,,,,,,,,,,,,,,,,,,,,,,,,,,,,
/Users/seshadrilab/Desktop/NGS_TCRSeq/alpha-pheno/Demultiplex/alpha-pheno-Plate2A-Alpha12-joined.VDJ.H3.L3.CH1.dnaH3.fa,GMM,TB-1117,11980,22553,TRAV8-6,TRAJ13,CAVSGFGGYQKVTF,0.67,8034,TRAV8-3,TRAJ23,PRGGHQGGKLIF,0.261,3136,,CD4 1946,,,,,GATA3 813,,,,,,,,,,,RORC 15,,,TBET 1011,TGFB1 1331,TNF 1106
/Users/seshadrilab/Desktop/NGS_TCRSeq/alpha-pheno/Demultiplex/alpha-pheno-Plate2B-Alpha01-joined.VDJ.H3.L3.CH1.dnaH3.fa,GMM,TB-1117,116,27254,,,,,,,,,,,,,,,,,,,,,,,,,,,,,,,,,
/Users/seshadrilab/Desktop/NGS_TCRSeq/alpha-pheno/Demultiplex/alpha-pheno-Plate2B-Alpha02-joined.VDJ.H3.L3.CH1.dnaH3.fa,GMM,TB-1117,14998,25345,TRAV26-1,TRAJ58,CIVRVRGSGSRLTF,0.811,12175,,,,,,,,,CTLA4 1822,,,GATA3 976,,,,,,,,,,,,RUNX1 953,RUNX3 2192,,TGFB1 271,
/Users/seshadrilab/Desktop/NGS_TCRSeq/alpha-pheno/Demultiplex/alpha-pheno-Plate2B-Alpha03-joined.VDJ.H3.L3.CH1.dnaH3.fa,GMM,TB-1117,30,25287,,,,,,,,,,,,,,,,,,,,,,,,,,,,RORC 154,RUNX1 824,RUNX3 1801,TBET 2226,,
/Users/seshadrilab/Desktop/NGS_TCRSeq/alpha-pheno/Demultiplex/alpha-pheno-Plate2B-Alpha04-joined.VDJ.H3.L3.CH1.dnaH3.fa,GMM,TB-1117,13276,25947,TRAV26-1,TRAJ45,,0.505,6710,TRAV17,TRAJ16,,0.488,6488,,,CD8 3061,,,,,,,,,,,,,,,,,RUNX3 2785,,TGFB1 864,
/Users/seshadrilab/Desktop/NGS_TCRSeq/alpha-pheno/Demultiplex/alpha-pheno-Plate2B-Alpha05-joined.VDJ.H3.L3.CH1.dnaH3.fa,GMM,TB-1117,235,22170,,,,,,,,,,,,,,,,,GATA3 743,,IFNG 196,,,,,,,,PRF1 799,,RUNX1 660,RUNX3 1453,TBET 922,TGFB1 1168,
/Users/seshadrilab/Desktop/NGS_TCRSeq/alpha-pheno/Demultiplex/alpha-pheno-Plate2B-Alpha06-joined.VDJ.H3.L3.CH1.dnaH3.fa,GMM,TB-1117,12300,24531,TRAV8-6,TRAJ44,SRNTGTASKLTF,0.517,6361,TRAV13-1,TRAJ53,CAANGGSNYKLTF,0.396,4877,,,CD8 14,,,,,,,,,,,,,,,,,,TBET 1239,TGFB1 1123,
/Users/seshadrilab/Desktop/NGS_TCRSeq/alpha-pheno/Demultiplex/alpha-pheno-Plate2B-Alpha07-joined.VDJ.H3.L3.CH1.dnaH3.fa,GMM,TB-1117,11899,24219,TRAV9-1,TRAJ24,CARTTDSWGKLQF,0.84,9999,,,,,,,,,,,,GATA3 1047,,,,,,,,,,,,RUNX1 1453,,,,
/Users/seshadrilab/Desktop/NGS_TCRSeq/alpha-pheno/Demultiplex/alpha-pheno-Plate2B-Alpha08-joined.VDJ.H3.L3.CH1.dnaH3.fa,GMM,TB-1117,12708,23271,TRAV26-1,TRAJ45,CIVRVPRGGGGADGLTF,0.682,8677,TRAV27,TRAJ42,,0.229,2911,,,,,,,,,,,,,,,,,,RORC 24,RUNX1 846,RUNX3 1956,,,
/Users/seshadrilab/Desktop/NGS_TCRSeq/alpha-pheno/Demultiplex/alpha-pheno-Plate2B-Alpha09-joined.VDJ.H3.L3.CH1.dnaH3.fa,GMM,TB-1117,59,23910,,,,,,,,,,,,,,,,,,,,,,,,,,,,RORC 367,,,,,
/Users/seshadrilab/Desktop/NGS_TCRSeq/alpha-pheno/Demultiplex/alpha-pheno-Plate2B-Alpha10-joined.VDJ.H3.L3.CH1.dnaH3.fa,GMM,TB-1117,189,24739,,,,,,,,,,,,,,,,,,,,,,,,,,,,,,,,,
/Users/seshadrilab/Desktop/NGS_TCRSeq/alpha-pheno/Demultiplex/alpha-pheno-Plate2B-Alpha11-joined.VDJ.H3.L3.CH1.dnaH3.fa,GMM,TB-1117,13362,22875,TRAV26-2,TRAJ42,CILRDVRNYGGSQGNLIF,0.809,10821,,,,,,,,,,,,,,,,,,,,,,,,RUNX1 745,RUNX3 1545,,TGFB1 913,
/Users/seshadrilab/Desktop/NGS_TCRSeq/alpha-pheno/Demultiplex/alpha-pheno-Plate2B-Alpha12-joined.VDJ.H3.L3.CH1.dnaH3.fa,GMM,TB-1117,133,24347,,,,,,,,,,,,,,,,,,,,,,,,,,,,,,,,,
/Users/seshadrilab/Desktop/NGS_TCRSeq/alpha-pheno/Demultiplex/alpha-pheno-Plate2C-Alpha01-joined.VDJ.H3.L3.CH1.dnaH3.fa,GMM,TB-1117,11606,22626,TRAV17,TRAJ40,,0.886,10291,TRAV36/DV7,TRAJ54,CAVPLQGAQKLVF,0.102,1195,,,,CTLA4 1433,,,GATA3 733,,,,,,,,,,PRF1 935,,,RUNX3 2242,TBET 2458,TGFB1 1316,
/Users/seshadrilab/Desktop/NGS_TCRSeq/alpha-pheno/Demultiplex/alpha-pheno-Plate2C-Alpha02-joined.VDJ.H3.L3.CH1.dnaH3.fa,GMM,TB-1117,110,21508,,,,,,,,,,,,,CD8 1700,,EOMES 1406,,,,IFNG 387,,,,,,,,PRF1 774,RORC 76,RUNX1 801,RUNX3 1240,TBET 1671,TGFB1 617,
/Users/seshadrilab/Desktop/NGS_TCRSeq/alpha-pheno/Demultiplex/alpha-pheno-Plate2C-Alpha03-joined.VDJ.H3.L3.CH1.dnaH3.fa,GMM,TB-1117,13224,24172,TRAV26-1,TRAJ18,CIVSRGSTLGRLYF,0.908,12007,,,,,,,,,,,,GATA3 1005,,,,,,,,,,,RORC 29,RUNX1 1435,,,TGFB1 157,
/Users/seshadrilab/Desktop/NGS_TCRSeq/alpha-pheno/Demultiplex/alpha-pheno-Plate2C-Alpha04-joined.VDJ.H3.L3.CH1.dnaH3.fa,GMM,TB-1117,12219,25018,TRAV26-1,TRAJ44,CIVRGTGTASKLTF,0.904,11049,,,,,,,,,,,,,,,,,,,,,,,RORC 120,RUNX1 866,RUNX3 1712,,,
/Users/seshadrilab/Desktop/NGS_TCRSeq/alpha-pheno/Demultiplex/alpha-pheno-Plate2C-Alpha05-joined.VDJ.H3.L3.CH1.dnaH3.fa,GMM,TB-1117,308,17628,,,,,,,,,,,,,,,,,,,,,,,,,,,,RORC 219,,,,,
/Users/seshadrilab/Desktop/NGS_TCRSeq/alpha-pheno/Demultiplex/alpha-pheno-Plate2C-Alpha06-joined.VDJ.H3.L3.CH1.dnaH3.fa,GMM,TB-1117,11405,24827,TRAV12-1,TRAJ52,CVVKLTNAGGTSYGKLTF,0.543,6201,mTRAV14D-1,TRAJ10,CAASLGGGGNKLTF,0.345,3941,,,,CTLA4 1971,,,GATA3 1064,,,,,,,IL2 265,,,,,RUNX1 1080,RUNX3 1786,,TGFB1 1084,
/Users/seshadrilab/Desktop/NGS_TCRSeq/alpha-pheno/Demultiplex/alpha-pheno-Plate2C-Alpha07-joined.VDJ.H3.L3.CH1.dnaH3.fa,GMM,TB-1117,11208,23235,TRAV40,TRAJ53,,0.663,7431,TRAV35,TRAJ32,CAGLGRSGATNKLIF,0.286,3214,,,,CTLA4 863,,,GATA3 706,,,,,,,,,,PRF1 724,RORC 180,,RUNX3 1832,,TGFB1 1240,TNF 938
/Users/seshadrilab/Desktop/NGS_TCRSeq/alpha-pheno/Demultiplex/alpha-pheno-Plate2C-Alpha08-joined.VDJ.H3.L3.CH1.dnaH3.fa,GMM,TB-1117,11842,20432,TRAV13-1,TRAJ48,XANFGNEKLTF,0.624,7390,TRAV29/DV5,TRAJ48,CAARVNEKLTF,0.3,3555,,CD4 2588,,CTLA4 2181,EOMES 2680,,GATA3 1011,,,,,,,,MKI67 3760,,PRF1 961,,RUNX1 587,RUNX3 1941,TBET 319,TGFB1 9,TNF 1233
/Users/seshadrilab/Desktop/NGS_TCRSeq/alpha-pheno/Demultiplex/alpha-pheno-Plate2C-Alpha09-joined.VDJ.H3.L3.CH1.dnaH3.fa,GMM,TB-1117,6706,2273,TRAV2,TRAJ22,,0.773,5183,TRAV12-1,TRAJ4,CVVKPSRTSGGYNKLIF,0.207,1388,,,CD8 217,,,,GATA3 107,,,,,,,,,,,RORC 8,RUNX1 76,RUNX3 164,,TGFB1 112,
/Users/seshadrilab/Desktop/NGS_TCRSeq/alpha-pheno/Demultiplex/alpha-pheno-Plate2C-Alpha10-joined.VDJ.H3.L3.CH1.dnaH3.fa,GMM,TB-1117,13654,2328,TRAV27,TRAJ40,CAGFSGTYKYIF,0.921,12576,,,,,,BCL6 67,CD4 200,,,,,,,,,,,,,,,,RORC 124,RUNX1 93,RUNX3 167,,TGFB1 114,TNF 113
/Users/seshadrilab/Desktop/NGS_TCRSeq/alpha-pheno/Demultiplex/alpha-pheno-Plate2C-Alpha11-joined.VDJ.H3.L3.CH1.dnaH3.fa,GMM,TB-1117,133,2213,,,,,,,,,,,,,,,,,GATA3 60,,IFNG 43,,,,,,,,PRF1 80,,RUNX1 71,RUNX3 211,TBET 102,TGFB1 114,TNF 93
/Users/seshadrilab/Desktop/NGS_TCRSeq/alpha-pheno/Demultiplex/alpha-pheno-Plate2C-Alpha12-joined.VDJ.H3.L3.CH1.dnaH3.fa,GMM,TB-1117,120,2251,,,,,,,,,,,,,,,,FOXP3 105,,,,,,,,,MKI67 122,,,RORC 10,,,,,
/Users/seshadrilab/Desktop/NGS_TCRSeq/alpha-pheno/Demultiplex/alpha-pheno-Plate2D-Alpha01-joined.VDJ.H3.L3.CH1.dnaH3.fa,GMM,TB-1117,103,23606,,,,,,,,,,,,,,,,,,,,,,,,,,,,,,,,TGFB1 5,
/Users/seshadrilab/Desktop/NGS_TCRSeq/alpha-pheno/Demultiplex/alpha-pheno-Plate2D-Alpha02-joined.VDJ.H3.L3.CH1.dnaH3.fa,GMM,TB-1117,106,25285,,,,,,,,,,,,,,,,,,,,,,,,,,,,,,,,,
/Users/seshadrilab/Desktop/NGS_TCRSeq/alpha-pheno/Demultiplex/alpha-pheno-Plate2D-Alpha03-joined.VDJ.H3.L3.CH1.dnaH3.fa,GMM,TB-1117,34,25296,,,,,,,,,,,,,,,,,,,,,,,,,,,,,,,,,
/Users/seshadrilab/Desktop/NGS_TCRSeq/alpha-pheno/Demultiplex/alpha-pheno-Plate2D-Alpha04-joined.VDJ.H3.L3.CH1.dnaH3.fa,GMM,TB-1117,44,25166,,,,,,,,,,,,,,,,,,,,,,,,,,,,,,,,,
/Users/seshadrilab/Desktop/NGS_TCRSeq/alpha-pheno/Demultiplex/alpha-pheno-Plate2D-Alpha05-joined.VDJ.H3.L3.CH1.dnaH3.fa,GMM,TB-1117,10889,25254,TRAV4,TRAJ43,CLVGDLYNNNDMRF,0.909,9903,,,,,,,,,,,,,,,,,,,,,,,RORC 215,RUNX1 1432,,,TGFB1 59,
/Users/seshadrilab/Desktop/NGS_TCRSeq/alpha-pheno/Demultiplex/alpha-pheno-Plate2D-Alpha06-joined.VDJ.H3.L3.CH1.dnaH3.fa,GMM,TB-1117,10221,27164,mTRDV2-2,TRAJ42,CAYRSRRGSQGNLIF,0.905,9251,,,,,,,,,,,,,,,,,,,,,,,RORC 174,RUNX1 1629,,,TGFB1 835,
/Users/seshadrilab/Desktop/NGS_TCRSeq/alpha-pheno/Demultiplex/alpha-pheno-Plate2D-Alpha07-joined.VDJ.H3.L3.CH1.dnaH3.fa,GMM,TB-1117,11985,23105,TRAV17,TRAJ10,CATQVTGGGNKLTF,0.92,11031,,,,,,,,,CTLA4 2154,,,GATA3 1241,,,,,,,,,,,RORC 141,RUNX1 1185,RUNX3 2338,,TGFB1 1455,
/Users/seshadrilab/Desktop/NGS_TCRSeq/alpha-pheno/Demultiplex/alpha-pheno-Plate2D-Alpha08-joined.VDJ.H3.L3.CH1.dnaH3.fa,GMM,TB-1117,11356,27895,TRAV26-2,TRAJ29,CILRDVFFGGNTPLVF,0.843,9580,,,,,,,,,,,,,,,,,,,,,,,,,,,TGFB1 543,
/Users/seshadrilab/Desktop/NGS_TCRSeq/alpha-pheno/Demultiplex/alpha-pheno-Plate2D-Alpha09-joined.VDJ.H3.L3.CH1.dnaH3.fa,GMM,TB-1117,13399,20969,TRAV16,TRAJ40,CALSGTYKYIF,0.94,12596,,,,,,BCL6 1474,CD4 3401,,CTLA4 2306,,,GATA3 1242,,,,,,,,,,,RORC 207,,,,TGFB1 1101,
/Users/seshadrilab/Desktop/NGS_TCRSeq/alpha-pheno/Demultiplex/alpha-pheno-Plate2D-Alpha10-joined.VDJ.H3.L3.CH1.dnaH3.fa,GMM,TB-1117,12643,21335,TRAV1-2,TRAJ33,CAVMDSNYQLIW,0.574,7256,TRAV6,TRAJ39,,0.38,4812,,,,,EOMES 2551,,GATA3 1005,,IFNG 103,,,,,,,,PRF1 1031,RORC 1692,RUNX1 962,RUNX3 1976,TBET 1227,TGFB1 880,
/Users/seshadrilab/Desktop/NGS_TCRSeq/alpha-pheno/Demultiplex/alpha-pheno-Plate2D-Alpha11-joined.VDJ.H3.L3.CH1.dnaH3.fa,GMM,TB-1117,12857,20683,,TRAJ16 54 1,,0.653,8402,TRAV9-1,TRAJ29,CALSDQGGNTPLVF,0.232,2985,BCL6 1325,,,CTLA4 1823,,FOXP3 1497,GATA3 1069,,,,,,,,,,,RORC 246,RUNX1 5,,,TGFB1 1146,TNF 1433
/Users/seshadrilab/Desktop/NGS_TCRSeq/alpha-pheno/Demultiplex/alpha-pheno-Plate2D-Alpha12-joined.VDJ.H3.L3.CH1.dnaH3.fa,GMM,TB-1117,12248,19708,TRAV10,TRAJ4,CVVTSFSGGYNKLIF,0.505,6190,TRAV3,TRAJ10,CAVRDLLTGGGNKLTF,0.199,2439,BCL6 921,CD4 2236,,CTLA4 1590,,FOXP3 1232,GATA3 882,,,,,,,,,,,,RUNX1 1004,RUNX3 1534,TBET 1053,TGFB1 959,TNF 1083
/Users/seshadrilab/Desktop/NGS_TCRSeq/alpha-pheno/Demultiplex/alpha-pheno-Plate2E-Alpha01-joined.VDJ.H3.L3.CH1.dnaH3.fa,GMM,TB-1117,41,7558,,,,,,,,,,,,,,,,,,,,,,,,,,,,,,,,,
/Users/seshadrilab/Desktop/NGS_TCRSeq/alpha-pheno/Demultiplex/alpha-pheno-Plate2E-Alpha02-joined.VDJ.H3.L3.CH1.dnaH3.fa,GMM,TB-1117,63,25547,,,,,,,,,,,,,,,,,,,,,,,,,,,,,,,,,
/Users/seshadrilab/Desktop/NGS_TCRSeq/alpha-pheno/Demultiplex/alpha-pheno-Plate2E-Alpha03-joined.VDJ.H3.L3.CH1.dnaH3.fa,GMM,TB-1117,15,25502,,,,,,,,,,,,,,,,,,,,,,,,,,,,,,,,,
/Users/seshadrilab/Desktop/NGS_TCRSeq/alpha-pheno/Demultiplex/alpha-pheno-Plate2E-Alpha04-joined.VDJ.H3.L3.CH1.dnaH3.fa,GMM,TB-1117,12,25330,,,,,,,,,,,,,,,,,,,,,,,,,,,,,,,,,
/Users/seshadrilab/Desktop/NGS_TCRSeq/alpha-pheno/Demultiplex/alpha-pheno-Plate2E-Alpha05-joined.VDJ.H3.L3.CH1.dnaH3.fa,GMM,TB-1117,185,23247,,,,,,,,,,,,,,,,,,,,,,,,,,,,,,,,,
/Users/seshadrilab/Desktop/NGS_TCRSeq/alpha-pheno/Demultiplex/alpha-pheno-Plate2E-Alpha06-joined.VDJ.H3.L3.CH1.dnaH3.fa,GMM,TB-1117,45,26298,,,,,,,,,,,,,,,,,,,,,,,,,,,,,,,,TGFB1 12,
/Users/seshadrilab/Desktop/NGS_TCRSeq/alpha-pheno/Demultiplex/alpha-pheno-Plate2E-Alpha07-joined.VDJ.H3.L3.CH1.dnaH3.fa,GMM,TB-1117,47,26433,,,,,,,,,,,,,,,,,,,,,,,,,,,,,,,,,
/Users/seshadrilab/Desktop/NGS_TCRSeq/alpha-pheno/Demultiplex/alpha-pheno-Plate2E-Alpha08-joined.VDJ.H3.L3.CH1.dnaH3.fa,GMM,TB-1117,84,26666,,,,,,,,,,,,,,,,,,,,,,,,,,,,,,,,,
/Users/seshadrilab/Desktop/NGS_TCRSeq/alpha-pheno/Demultiplex/alpha-pheno-Plate2E-Alpha09-joined.VDJ.H3.L3.CH1.dnaH3.fa,GMM,TB-1117,38,27301,,,,,,,,,,,,,,,,,,,,,,,,,,,,,,,,,
/Users/seshadrilab/Desktop/NGS_TCRSeq/alpha-pheno/Demultiplex/alpha-pheno-Plate2E-Alpha10-joined.VDJ.H3.L3.CH1.dnaH3.fa,GMM,TB-1117,47,26366,,,,,,,,,,,,,,,,,,,,,,,,,,,,,,,,,
/Users/seshadrilab/Desktop/NGS_TCRSeq/alpha-pheno/Demultiplex/alpha-pheno-Plate2E-Alpha11-joined.VDJ.H3.L3.CH1.dnaH3.fa,GMM,TB-1117,54,20836,,,,,,,,,,,,,,,,,,,,,,,,,,,,,,,,,
/Users/seshadrilab/Desktop/NGS_TCRSeq/alpha-pheno/Demultiplex/alpha-pheno-Plate2E-Alpha12-joined.VDJ.H3.L3.CH1.dnaH3.fa,GMM,TB-1117,62,24935,,,,,,,,,,,,,,,,,,,,,,,,,,,,,,,,,
/Users/seshadrilab/Desktop/NGS_TCRSeq/alpha-pheno/Demultiplex/alpha-pheno-Plate2F-Alpha01-joined.VDJ.H3.L3.CH1.dnaH3.fa,GMM,TB-1117,78,27130,,,,,,,,,,,,,,,,,,,,,,,,,,,,,,,,,
/Users/seshadrilab/Desktop/NGS_TCRSeq/alpha-pheno/Demultiplex/alpha-pheno-Plate2F-Alpha02-joined.VDJ.H3.L3.CH1.dnaH3.fa,GMM,TB-1117,100,27454,,,,,,,,,,,,,,,,,,,,,,,,,,,,,,,,,
/Users/seshadrilab/Desktop/NGS_TCRSeq/alpha-pheno/Demultiplex/alpha-pheno-Plate2F-Alpha03-joined.VDJ.H3.L3.CH1.dnaH3.fa,GMM,TB-1117,26,27077,,,,,,,,,,,,,,,,,,,,,,,,,,,,,RUNX1 10,,,,
/Users/seshadrilab/Desktop/NGS_TCRSeq/alpha-pheno/Demultiplex/alpha-pheno-Plate2F-Alpha04-joined.VDJ.H3.L3.CH1.dnaH3.fa,GMM,TB-1117,44,26409,,,,,,,,,,,,,,,,,,,,,,,,,,,,,,,,,
/Users/seshadrilab/Desktop/NGS_TCRSeq/alpha-pheno/Demultiplex/alpha-pheno-Plate2F-Alpha05-joined.VDJ.H3.L3.CH1.dnaH3.fa,GMM,TB-1117,173,22135,,,,,,,,,,,,,,,,,,,,,,,,,,,,,,,,,
/Users/seshadrilab/Desktop/NGS_TCRSeq/alpha-pheno/Demultiplex/alpha-pheno-Plate2F-Alpha06-joined.VDJ.H3.L3.CH1.dnaH3.fa,GMM,TB-1117,40,24578,,,,,,,,,,,,,,,,,,,,,,,,,,,,RORC 32,,,,,
/Users/seshadrilab/Desktop/NGS_TCRSeq/alpha-pheno/Demultiplex/alpha-pheno-Plate2F-Alpha07-joined.VDJ.H3.L3.CH1.dnaH3.fa,GMM,TB-1117,66,23727,,,,,,,,,,,,,,,,,,,,,,,,,,,,,,,,,
/Users/seshadrilab/Desktop/NGS_TCRSeq/alpha-pheno/Demultiplex/alpha-pheno-Plate2F-Alpha08-joined.VDJ.H3.L3.CH1.dnaH3.fa,GMM,TB-1117,208,23227,,,,,,,,,,,,,,,,,,,,,,,,,,,,,,,,,
/Users/seshadrilab/Desktop/NGS_TCRSeq/alpha-pheno/Demultiplex/alpha-pheno-Plate2F-Alpha09-joined.VDJ.H3.L3.CH1.dnaH3.fa,GMM,TB-1117,173,23291,,,,,,,,,,,,,,,,,GATA3 26,,,,,,,,,,,,,,,,
/Users/seshadrilab/Desktop/NGS_TCRSeq/alpha-pheno/Demultiplex/alpha-pheno-Plate2F-Alpha10-joined.VDJ.H3.L3.CH1.dnaH3.fa,GMM,TB-1117,131,25633,,,,,,,,,,,,,,,,,,,,,,,,,,,,,,,,,
/Users/seshadrilab/Desktop/NGS_TCRSeq/alpha-pheno/Demultiplex/alpha-pheno-Plate2F-Alpha11-joined.VDJ.H3.L3.CH1.dnaH3.fa,GMM,TB-1117,122,23554,,,,,,,,,,,,,,,,,,,,,,,,,,,,,,,,,
/Users/seshadrilab/Desktop/NGS_TCRSeq/alpha-pheno/Demultiplex/alpha-pheno-Plate2F-Alpha12-joined.VDJ.H3.L3.CH1.dnaH3.fa,GMM,TB-1117,121,23920,,,,,,,,,,,,,,,,,,,,,,,,,,,,,,,,,
/Users/seshadrilab/Desktop/NGS_TCRSeq/alpha-pheno/Demultiplex/alpha-pheno-Plate2G-Alpha01-joined.VDJ.H3.L3.CH1.dnaH3.fa,GMM,TB-1117,94,14663,,,,,,,,,,,,,,,,,,,,,,,,,,,,,,,,,
/Users/seshadrilab/Desktop/NGS_TCRSeq/alpha-pheno/Demultiplex/alpha-pheno-Plate2G-Alpha02-joined.VDJ.H3.L3.CH1.dnaH3.fa,GMM,TB-1117,109,18874,,,,,,,,,,,,,,,,,,,,,,,,,,,,,,,,,
/Users/seshadrilab/Desktop/NGS_TCRSeq/alpha-pheno/Demultiplex/alpha-pheno-Plate2G-Alpha03-joined.VDJ.H3.L3.CH1.dnaH3.fa,GMM,TB-1117,41,18578,,,,,,,,,,,,,,,,,,,,,,,,,,,,,,,,,
/Users/seshadrilab/Desktop/NGS_TCRSeq/alpha-pheno/Demultiplex/alpha-pheno-Plate2G-Alpha04-joined.VDJ.H3.L3.CH1.dnaH3.fa,GMM,TB-1117,38,18567,,,,,,,,,,,,,,,,,,,,,,,,,,,,,,,,,
/Users/seshadrilab/Desktop/NGS_TCRSeq/alpha-pheno/Demultiplex/alpha-pheno-Plate2G-Alpha05-joined.VDJ.H3.L3.CH1.dnaH3.fa,GMM,TB-1117,358,21113,,,,,,,,,,,,,,,,,,,,,,,,,,,,,,,,,
/Users/seshadrilab/Desktop/NGS_TCRSeq/alpha-pheno/Demultiplex/alpha-pheno-Plate2G-Alpha06-joined.VDJ.H3.L3.CH1.dnaH3.fa,GMM,TB-1117,82,22974,,,,,,,,,,,,,,,,,,,,,,,,,,,,,,,,,
/Users/seshadrilab/Desktop/NGS_TCRSeq/alpha-pheno/Demultiplex/alpha-pheno-Plate2G-Alpha07-joined.VDJ.H3.L3.CH1.dnaH3.fa,GMM,TB-1117,10,20410,,,,,,,,,,,,,,,,,,,,,,,,,,,,,,,,,
/Users/seshadrilab/Desktop/NGS_TCRSeq/alpha-pheno/Demultiplex/alpha-pheno-Plate2G-Alpha08-joined.VDJ.H3.L3.CH1.dnaH3.fa,GMM,TB-1117,172,21062,,,,,,,,,,,,,,,,,,,,,,,,,,,,,,,,,
/Users/seshadrilab/Desktop/NGS_TCRSeq/alpha-pheno/Demultiplex/alpha-pheno-Plate2G-Alpha09-joined.VDJ.H3.L3.CH1.dnaH3.fa,GMM,TB-1117,191,21339,,,,,,,,,,,,,,,,,,,,,,,,,,,,,,,,,
/Users/seshadrilab/Desktop/NGS_TCRSeq/alpha-pheno/Demultiplex/alpha-pheno-Plate2G-Alpha10-joined.VDJ.H3.L3.CH1.dnaH3.fa,Cell Line,TB-1117,6415,19747,TRAV8-4,TRAJ20,CVVSDNYKLSF,0.695,4463,TRAV1-2,TRAJ9,CAVRLTGGFKTIF,0.237,1523,,,,CTLA4 1480,,FOXP3 1265,GATA3 717,,IFNG 49,,,,,,MKI67 1425,,,RORC 1142,RUNX1 762,RUNX3 1343,TBET 1160,TGFB1 850,TNF 962
/Users/seshadrilab/Desktop/NGS_TCRSeq/alpha-pheno/Demultiplex/alpha-pheno-Plate2G-Alpha11-joined.VDJ.H3.L3.CH1.dnaH3.fa,Blank,TB-1117,271,21180,,,,,,,,,,,,,,,,,,,,,,,,,,,,,,,,,
/Users/seshadrilab/Desktop/NGS_TCRSeq/alpha-pheno/Demultiplex/alpha-pheno-Plate2G-Alpha12-joined.VDJ.H3.L3.CH1.dnaH3.fa,Tet (-),TB-1117,9864,20201,TRAV1-2,TRAJ31,CAVRDSNARLMF,0.918,9055,,,,,,,,CD8 1490,,,,GATA3 679,,,,,,,,,,,,,RUNX3 1514,,TGFB1 1026,
/Users/seshadrilab/Desktop/NGS_TCRSeq/alpha-pheno/Demultiplex/alpha-pheno-Plate2H-Alpha01-joined.VDJ.H3.L3.CH1.dnaH3.fa,Tet (-),TB-1117,11006,23099,TRAV12-1,TRAJ6,CVVITGGSYIPTF,0.934,10282,,,,,,,,,,,,,,,,,,,,,,PRF1 922,,RUNX1 878,RUNX3 1415,TBET 2690,TGFB1 1059,
/Users/seshadrilab/Desktop/NGS_TCRSeq/alpha-pheno/Demultiplex/alpha-pheno-Plate2H-Alpha02-joined.VDJ.H3.L3.CH1.dnaH3.fa,Tet (-),TB-1117,10535,25067,TRAV22,TRAJ37,CAVEISGNTGKLIF,0.711,7496,TRAV22,TRAJ37,CAVEVSGNTGKLIF,0.201,2123,,,,,,,,,,,,,,,,,,RORC 16,,RUNX3 2551,,,
/Users/seshadrilab/Desktop/NGS_TCRSeq/alpha-pheno/Demultiplex/alpha-pheno-Plate2H-Alpha03-joined.VDJ.H3.L3.CH1.dnaH3.fa,Tet (-),TB-1117,11493,23997,TRAV21,TRAJ31,,0.76,8737,TRAV1-2,TRAJ31,CAVRDRGARLMF,0.213,2453,,,,CTLA4 1832,,,,,,,,,,,,,,,,RUNX3 2530,,TGFB1 1174,
/Users/seshadrilab/Desktop/NGS_TCRSeq/alpha-pheno/Demultiplex/alpha-pheno-Plate2H-Alpha04-joined.VDJ.H3.L3.CH1.dnaH3.fa,Tet (-),TB-1117,12105,23464,TRAV27,TRAJ49,CAGEGTGNQFYF,0.649,7855,TRAV17,TRAJ41,CATDALNSGYELNF,0.279,3388,,CD4 3866,,,,,GATA3 1524,,,,,,,,,,,RORC 130,,,,TGFB1 901,
/Users/seshadrilab/Desktop/NGS_TCRSeq/alpha-pheno/Demultiplex/alpha-pheno-Plate2H-Alpha05-joined.VDJ.H3.L3.CH1.dnaH3.fa,Tet (-),TB-1117,11659,21449,TRAV9-1,TRAJ6,CALSDPQGGSYIPTF,0.374,4366,,TRAJ4 52 0,,0.311,3629,,,,,,,,,,,,,,,,,,,RUNX1 899,RUNX3 1606,,TGFB1 1076,
/Users/seshadrilab/Desktop/NGS_TCRSeq/alpha-pheno/Demultiplex/alpha-pheno-Plate2H-Alpha06-joined.VDJ.H3.L3.CH1.dnaH3.fa,Tet (-),TB-1117,11535,20909,TRAV26-2,TRAJ49,CILFYTGNQFYF,0.933,10767,,,,,,,,,CTLA4 1785,,,GATA3 999,,,,,,,,,,,,RUNX1 1154,RUNX3 1861,,TGFB1 1213,
/Users/seshadrilab/Desktop/NGS_TCRSeq/alpha-pheno/Demultiplex/alpha-pheno-Plate2H-Alpha07-joined.VDJ.H3.L3.CH1.dnaH3.fa,Tet (-),TB-1117,11384,20899,TRAV39,TRAJ48,CAVGYFGNEKLTF,0.918,10449,,,,,,,,,,,,GATA3 1002,,,,,,,,,,,,,RUNX3 2258,,TGFB1 1190,
/Users/seshadrilab/Desktop/NGS_TCRSeq/alpha-pheno/Demultiplex/alpha-pheno-Plate2H-Alpha08-joined.VDJ.H3.L3.CH1.dnaH3.fa,Tet (-),TB-1117,10940,22268,TRAV2,TRAJ34,CAVEDRTDKLIF,0.928,10157,,,,,,,CD4 3399,,,,,GATA3 1179,,,,,,,,,,,,RUNX1 1153,RUNX3 2301,,TGFB1 889,
/Users/seshadrilab/Desktop/NGS_TCRSeq/alpha-pheno/Demultiplex/alpha-pheno-Plate2H-Alpha09-joined.VDJ.H3.L3.CH1.dnaH3.fa,Tet (-),TB-1117,10493,19129,TRAV26-1,TRAJ23,,0.963,10105,,,,,,,CD4 2031,,,,,GATA3 783,,,,,,,,,,,,RUNX1 775,RUNX3 1297,,TGFB1 989,
/Users/seshadrilab/Desktop/NGS_TCRSeq/alpha-pheno/Demultiplex/alpha-pheno-Plate2H-Alpha10-joined.VDJ.H3.L3.CH1.dnaH3.fa,Tet (-),TB-1117,12537,20669,TRAV26-1,TRAJ49,,0.997,4407,,,,,,,CD4 2383,,,,,,,,,,,,,,,,RORC 57,RUNX1 1182,,,TGFB1 324,
/Users/seshadrilab/Desktop/NGS_TCRSeq/alpha-pheno/Demultiplex/alpha-pheno-Plate2H-Alpha11-joined.VDJ.H3.L3.CH1.dnaH3.fa,Cell Line,TB-1117,10716,18149,TRAV17,TRAJ9,CATPFIGGFKTIF,0.925,9919,,,,,,,CD4 2110,,CTLA4 1416,,FOXP3 1065,GATA3 819,,IFNG 283,,,,,,,,,RORC 1391,RUNX1 877,RUNX3 1373,TBET 1062,TGFB1 867,TNF 1115
/Users/seshadrilab/Desktop/NGS_TCRSeq/alpha-pheno/Demultiplex/alpha-pheno-Plate2H-Alpha12-joined.VDJ.H3.L3.CH1.dnaH3.fa,Blank,TB-1117,102,15951,,,,,,,,,,,,,,,,,,,,,,,,,,,,,,RUNX3 13,,,
/Users/seshadrilab/Desktop/NGS_TCRSeq/alpha-pheno/Demultiplex/alpha-pheno-Plate3A-Alpha01-joined.VDJ.H3.L3.CH1.dnaH3.fa,GMM,TB-1119,13397,24665,TRAV8-6,TRAJ37,CAVSVSNTGKLIF,0.753,10095,TRAV12-2,TRAJ10,CAVNIXGPRGGNKLTF,0.168,2255,,,,CTLA4 2137,,,,,,,,,,,,,,RORC 5,RUNX1 1593,,,TGFB1 676,
/Users/seshadrilab/Desktop/NGS_TCRSeq/alpha-pheno/Demultiplex/alpha-pheno-Plate3A-Alpha02-joined.VDJ.H3.L3.CH1.dnaH3.fa,GMM,TB-1119,14442,24588,TRAV12-1,TRAJ43,CAVNRNDMRF,0.575,8302,TRAV16,TRAJ9,,0.381,5508,,,,,,,GATA3 991,,,,,,,,,,,,RUNX1 1565,RUNX3 5,,TGFB1 977,
/Users/seshadrilab/Desktop/NGS_TCRSeq/alpha-pheno/Demultiplex/alpha-pheno-Plate3A-Alpha03-joined.VDJ.H3.L3.CH1.dnaH3.fa,GMM,TB-1119,11310,24360,TRAV1-2,TRAJ9,CAVRNTGGFKTIF,0.935,10578,,,,,,,,,,,,,,,,,,,,,,,RORC 2189,,,,TGFB1 1104,
/Users/seshadrilab/Desktop/NGS_TCRSeq/alpha-pheno/Demultiplex/alpha-pheno-Plate3A-Alpha04-joined.VDJ.H3.L3.CH1.dnaH3.fa,GMM,TB-1119,12346,22841,TRAV12-2,TRAJ48,CASSFRKLTF,0.948,11712,,,,,,,,CD8 2480,,EOMES 3127,,,,,,,,,,,,,,RUNX1 8,RUNX3 2739,,TGFB1 126,
/Users/seshadrilab/Desktop/NGS_TCRSeq/alpha-pheno/Demultiplex/alpha-pheno-Plate3A-Alpha05-joined.VDJ.H3.L3.CH1.dnaH3.fa,GMM,TB-1119,12160,19703,TRAV35,TRAJ57,,0.671,8157,TRAV13-2,TRAJ57,CAENIQGGSEKLVF,0.298,3627,,,,,,,GATA3 806,,,,,,,,,,,,RUNX1 569,RUNX3 1790,,TGFB1 914,
/Users/seshadrilab/Desktop/NGS_TCRSeq/alpha-pheno/Demultiplex/alpha-pheno-Plate3A-Alpha06-joined.VDJ.H3.L3.CH1.dnaH3.fa,GMM,TB-1119,13239,18330,TRAV8-1,TRAJ43,CAPSNDMRF,0.523,6931,mTRAV14D-1,TRAJ37,CAASVSNTGKLIF,0.409,5421,,,,CTLA4 1403,EOMES 1130,,GATA3 943,,,,,,,,,,PRF1 982,RORC 1460,RUNX1 872,RUNX3 1629,TBET 1825,TGFB1 1074,
/Users/seshadrilab/Desktop/NGS_TCRSeq/alpha-pheno/Demultiplex/alpha-pheno-Plate3A-Alpha07-joined.VDJ.H3.L3.CH1.dnaH3.fa,GMM,TB-1119,12426,20633,,TRAJ48 59 0,CAMSFNFGNEKLTF,0.716,8900,TRAV8-6,TRAJ3,,0.159,1982,,,,,,,GATA3 551,,,,,,,,,,,,RUNX1 776,,,,
/Users/seshadrilab/Desktop/NGS_TCRSeq/alpha-pheno/Demultiplex/alpha-pheno-Plate3A-Alpha08-joined.VDJ.H3.L3.CH1.dnaH3.fa,GMM,TB-1119,60,29322,,,,,,,,,,,,,,CTLA4 5,,,,,,,,,,,,,PRF1 1500,RORC 59,RUNX1 989,RUNX3 2677,,TGFB1 135,
/Users/seshadrilab/Desktop/NGS_TCRSeq/alpha-pheno/Demultiplex/alpha-pheno-Plate3A-Alpha09-joined.VDJ.H3.L3.CH1.dnaH3.fa,GMM,TB-1119,6461,18343,TRAV1-2,TRAJ12,CAAMDSSYKLIF,0.828,5350,TRAV1-2,TRAJ12,CAAMDGSYKLIF,0.106,688,,,CD8 1764,CTLA4 1537,EOMES 2212,,GATA3 799,,,,,,,,,,PRF1 980,RORC 1327,RUNX1 630,RUNX3 1409,TBET 1119,TGFB1 328,
/Users/seshadrilab/Desktop/NGS_TCRSeq/alpha-pheno/Demultiplex/alpha-pheno-Plate3A-Alpha10-joined.VDJ.H3.L3.CH1.dnaH3.fa,GMM,TB-1119,13337,28882,TRAV16,TRAJ34,CALIYNTDKLIF,0.547,7294,TRAV4,TRAJ27,CLVGDDDAGKSTF,0.385,5136,BCL6 1158,CD4 2817,,CTLA4 1910,,,GATA3 1199,,,,,,,,,,PRF1 1322,,RUNX1 1132,RUNX3 1935,TBET 3411,TGFB1 1322,TNF 1268
/Users/seshadrilab/Desktop/NGS_TCRSeq/alpha-pheno/Demultiplex/alpha-pheno-Plate3A-Alpha11-joined.VDJ.H3.L3.CH1.dnaH3.fa,GMM,TB-1119,13411,26962,,TRAJ23 59 0,CAMRERRRYNQGGKLIF,0.396,5319,TRAV8-6,TRAJ5,CAVSGDTGRRALTF,0.388,5205,BCL6 1420,CD4 2671,,,EOMES 1744,,GATA3 1219,,,,IL12A 1294,,,,MKI67 4100,,PRF1 1221,,RUNX1 1068,RUNX3 1662,TBET 2414,TGFB1 173,
/Users/seshadrilab/Desktop/NGS_TCRSeq/alpha-pheno/Demultiplex/alpha-pheno-Plate3A-Alpha12-joined.VDJ.H3.L3.CH1.dnaH3.fa,GMM,TB-1119,223,32400,,,,,,,,,,,,,,,,,,,,,,,,,,,,,,,,,
/Users/seshadrilab/Desktop/NGS_TCRSeq/alpha-pheno/Demultiplex/alpha-pheno-Plate3B-Alpha01-joined.VDJ.H3.L3.CH1.dnaH3.fa,GMM,TB-1119,14383,22625,TRAV39,TRAJ43,CSHDMRF,0.902,12985,,,,,,,,,CTLA4 1738,,,GATA3 1033,GZMB 10,IFNG 639,,,,,,,,,RORC 79,RUNX1 786,RUNX3 2242,TBET 2763,TGFB1 351,
/Users/seshadrilab/Desktop/NGS_TCRSeq/alpha-pheno/Demultiplex/alpha-pheno-Plate3B-Alpha02-joined.VDJ.H3.L3.CH1.dnaH3.fa,GMM,TB-1119,114,22501,,,,,,,,,,,,,,,EOMES 2489,,GATA3 989,,,,,,,,,,PRF1 1167,RORC 1670,RUNX1 974,RUNX3 2004,TBET 1345,TGFB1 1226,
/Users/seshadrilab/Desktop/NGS_TCRSeq/alpha-pheno/Demultiplex/alpha-pheno-Plate3B-Alpha03-joined.VDJ.H3.L3.CH1.dnaH3.fa,GMM,TB-1119,13558,23778,TRAV19,TRAJ32,,0.783,10626,TRAV6,TRAJ34,CALSFNTDKLIF,0.194,2634,,,,CTLA4 2480,EOMES 5,,GATA3 5,,,,,,,,,,,,RUNX1 7,RUNX3 5,TBET 7,TGFB1 1015,TNF 2055
/Users/seshadrilab/Desktop/NGS_TCRSeq/alpha-pheno/Demultiplex/alpha-pheno-Plate3B-Alpha04-joined.VDJ.H3.L3.CH1.dnaH3.fa,GMM,TB-1119,14097,23586,TRAV8-3,TRAJ16,,0.651,9177,TRAV9-1,TRAJ3,CALLYSSASKIIF,0.32,4522,,,CD8 5,,EOMES 419,,GATA3 1085,,,,,,,,,,PRF1 1121,RORC 6,RUNX1 883,RUNX3 2000,TBET 2523,TGFB1 990,
/Users/seshadrilab/Desktop/NGS_TCRSeq/alpha-pheno/Demultiplex/alpha-pheno-Plate3B-Alpha05-joined.VDJ.H3.L3.CH1.dnaH3.fa,GMM,TB-1119,152,22075,,,,,,,,,,,,,,,,,,,,,,,,,,,,,,RUNX3 5,,,
/Users/seshadrilab/Desktop/NGS_TCRSeq/alpha-pheno/Demultiplex/alpha-pheno-Plate3B-Alpha06-joined.VDJ.H3.L3.CH1.dnaH3.fa,GMM,TB-1119,67,22197,,,,,,,,,,,,,,,EOMES 1814,,GATA3 1070,,IFNG 36,,,,,,,,,RORC 56,RUNX1 761,RUNX3 2105,TBET 2613,TGFB1 1192,
/Users/seshadrilab/Desktop/NGS_TCRSeq/alpha-pheno/Demultiplex/alpha-pheno-Plate3B-Alpha07-joined.VDJ.H3.L3.CH1.dnaH3.fa,GMM,TB-1119,12435,20757,TRAV8-1,TRAJ42,CAVTGGGSQGNLIF,0.907,11284,,,,,,,CD4 2384,CD8 2012,,EOMES 180,,GATA3 846,,IFNG 328,,,,,,,,,,RUNX1 872,RUNX3 1369,TBET 1388,TGFB1 1015,
/Users/seshadrilab/Desktop/NGS_TCRSeq/alpha-pheno/Demultiplex/alpha-pheno-Plate3B-Alpha08-joined.VDJ.H3.L3.CH1.dnaH3.fa,GMM,TB-1119,13269,40691,TRAV39,TRAJ27,CAVDDVGKSTF,0.935,12414,,,,,,,,CD8 4064,,,,,,IFNG 302,,,,,,,,,,RUNX1 1077,RUNX3 3287,TBET 2180,TGFB1 1535,
/Users/seshadrilab/Desktop/NGS_TCRSeq/alpha-pheno/Demultiplex/alpha-pheno-Plate3B-Alpha09-joined.VDJ.H3.L3.CH1.dnaH3.fa,GMM,TB-1119,11748,21900,TRAV13-1,TRAJ47,CAALYGNKLVF,0.941,11060,,,,,,,,,,EOMES 3108,,GATA3 1231,,,,,,,,,,PRF1 1339,,,,TBET 1570,TGFB1 905,
/Users/seshadrilab/Desktop/NGS_TCRSeq/alpha-pheno/Demultiplex/alpha-pheno-Plate3B-Alpha10-joined.VDJ.H3.L3.CH1.dnaH3.fa,GMM,TB-1119,12972,38132,TRAV1-2,TRAJ9,CAVRNTGGFKTIF,0.921,11951,,,,,,,CD4 3890,,,,,GATA3 1340,,,,,,,,,,,RORC 2309,RUNX1 1379,RUNX3 2198,TBET 3913,TGFB1 1740,TNF 1600
/Users/seshadrilab/Desktop/NGS_TCRSeq/alpha-pheno/Demultiplex/alpha-pheno-Plate3B-Alpha11-joined.VDJ.H3.L3.CH1.dnaH3.fa,GMM,TB-1119,13721,33631,TRAV27,TRAJ28,CAGAGAGSYQLTF,0.756,9350,TRAV3,TRAJ38,CAVRATDGNNRKLIW,0.165,2048,BCL6 1618,CD4 3515,CD8 1496,CTLA4 2932,EOMES 2370,,GATA3 1517,,,,,,,,,,PRF1 1559,RORC 2768,RUNX1 1207,RUNX3 2298,TBET 3268,TGFB1 349,TNF 1536
/Users/seshadrilab/Desktop/NGS_TCRSeq/alpha-pheno/Demultiplex/alpha-pheno-Plate3B-Alpha12-joined.VDJ.H3.L3.CH1.dnaH3.fa,GMM,TB-1119,13163,38591,TRAV12-2,TRAJ31,CAVFNNARLMF,0.547,7201,TRAV8-4,TRAJ44,,0.42,5535,,,,,,,,,,,,,,,,,,RORC 11,RUNX1 2007,,,TGFB1 1346,
/Users/seshadrilab/Desktop/NGS_TCRSeq/alpha-pheno/Demultiplex/alpha-pheno-Plate3C-Alpha01-joined.VDJ.H3.L3.CH1.dnaH3.fa,GMM,TB-1119,13433,24871,TRAV8-4,TRAJ22,CSLSGSARQLTF,0.924,12414,,,,,,,,,,,,,,,,,,,,,,,RORC 34,RUNX1 1322,,,TGFB1 425,
/Users/seshadrilab/Desktop/NGS_TCRSeq/alpha-pheno/Demultiplex/alpha-pheno-Plate3C-Alpha02-joined.VDJ.H3.L3.CH1.dnaH3.fa,GMM,TB-1119,13457,22341,TRAV1-2,TRAJ33,CAVVDSNYQLIW,0.494,6657,TRAV17,TRAJ20,,0.454,6112,,,CD8 2462,,EOMES 2687,,GATA3 1002,,,,,,,,,,,,RUNX1 1042,RUNX3 1552,TBET 1472,TGFB1 1287,
/Users/seshadrilab/Desktop/NGS_TCRSeq/alpha-pheno/Demultiplex/alpha-pheno-Plate3C-Alpha03-joined.VDJ.H3.L3.CH1.dnaH3.fa,GMM,TB-1119,12006,23475,TRAV21,TRAJ22,CAVIGSARQLTF,0.708,8505,TRAV13-1,TRAJ40,CAASSGTYKYIF,0.228,2748,,,,,,,GATA3 1025,,,,IL12A 1498,,,,,,,,RUNX1 974,RUNX3 1770,,,
/Users/seshadrilab/Desktop/NGS_TCRSeq/alpha-pheno/Demultiplex/alpha-pheno-Plate3C-Alpha04-joined.VDJ.H3.L3.CH1.dnaH3.fa,GMM,TB-1119,48,24926,,,,,,,,,,,,,,CTLA4 6,EOMES 6,,,,,,,,,,,,,,,RUNX3 10,,,
/Users/seshadrilab/Desktop/NGS_TCRSeq/alpha-pheno/Demultiplex/alpha-pheno-Plate3C-Alpha05-joined.VDJ.H3.L3.CH1.dnaH3.fa,GMM,TB-1119,10990,20738,TRAV13-1,TRAJ6,CAASSPGGSYIPTF,0.814,8955,TRAV13-1,TRAJ13,,0.117,1292,,,,CTLA4 1901,,,GATA3 1053,,,,,,,,,,PRF1 1289,,RUNX1 879,RUNX3 1934,,TGFB1 465,
/Users/seshadrilab/Desktop/NGS_TCRSeq/alpha-pheno/Demultiplex/alpha-pheno-Plate3C-Alpha06-joined.VDJ.H3.L3.CH1.dnaH3.fa,GMM,TB-1119,13485,22838,mTRDV2-2,TRAJ53,CAYGSGGSNYKLTF,0.763,6170,TRAV40,TRAJ38,CLLGVIPLDAGNNRKLIW,0.162,1310,,,,CTLA4 2433,,FOXP3 2188,GATA3 1388,,,,,,,,,,,RORC 84,RUNX1 1307,RUNX3 2439,,TGFB1 514,
/Users/seshadrilab/Desktop/NGS_TCRSeq/alpha-pheno/Demultiplex/alpha-pheno-Plate3C-Alpha07-joined.VDJ.H3.L3.CH1.dnaH3.fa,GMM,TB-1119,11171,24544,TRAV29/DV5,TRAJ54,CAARIIQGAQKLVF,0.726,8108,TRAV29/DV5,TRAJ44,,0.203,2273,,CD4 1874,CD8 1970,,,,,,,,,,,,,,,RORC 48,RUNX1 806,RUNX3 1032,,TGFB1 985,
/Users/seshadrilab/Desktop/NGS_TCRSeq/alpha-pheno/Demultiplex/alpha-pheno-Plate3C-Alpha08-joined.VDJ.H3.L3.CH1.dnaH3.fa,GMM,TB-1119,10965,22105,TRAV12-3,TRAJ49,CAIRNAIRNQFYF,0.666,7299,TRAV3,TRAJ29,CAVRDIGGVRGNTPLVF,0.236,2593,BCL6 1148,,,CTLA4 2239,EOMES 1767,,GATA3 1186,GZMB 133,,,,,,,,,PRF1 1308,,RUNX1 1067,RUNX3 1747,TBET 2123,TGFB1 1097,TNF 1286
/Users/seshadrilab/Desktop/NGS_TCRSeq/alpha-pheno/Demultiplex/alpha-pheno-Plate3C-Alpha09-joined.VDJ.H3.L3.CH1.dnaH3.fa,GMM,TB-1119,14201,25397,TRAV27,TRAJ41,CAGDPNSGYALNF,0.607,6314,TRAV25,TRAJ53,CAGTMNSGGSNYKLTF,0.315,3278,,,CD8 17,,,,GATA3 965,,,,,,,,,,,RORC 186,RUNX1 1205,,,TGFB1 1147,
/Users/seshadrilab/Desktop/NGS_TCRSeq/alpha-pheno/Demultiplex/alpha-pheno-Plate3C-Alpha10-joined.VDJ.H3.L3.CH1.dnaH3.fa,GMM,TB-1119,13865,16981,TRAV10,TRAJ49,CVVNSNTGNQFYF,0.73,10123,TRAV21,TRAJ49,,0.149,2071,BCL6 572,CD4 1746,,,EOMES 1934,,GATA3 670,,,,IL12A 1113,,,,,,PRF1 766,RORC 1095,RUNX1 646,RUNX3 958,TBET 823,TGFB1 161,TNF 726
/Users/seshadrilab/Desktop/NGS_TCRSeq/alpha-pheno/Demultiplex/alpha-pheno-Plate3C-Alpha11-joined.VDJ.H3.L3.CH1.dnaH3.fa,GMM,TB-1119,10728,24440,mTRAV14D-1,TRAJ29,,0.642,6888,TRAV8-3,TRAJ10,CAVGLNSGYSTLTF,0.263,2827,,CD4 2373,CD8 27,,,,,,,,,,,,,,,RORC 202,RUNX1 767,RUNX3 1354,,TGFB1 1288,TNF 904
/Users/seshadrilab/Desktop/NGS_TCRSeq/alpha-pheno/Demultiplex/alpha-pheno-Plate3C-Alpha12-joined.VDJ.H3.L3.CH1.dnaH3.fa,GMM,TB-1119,8757,24213,TRAV27,TRAJ15,,0.58,5080,TRAV6,TRAJ48,CAPFGNEKLTF,0.391,3428,,,,CTLA4 1955,,,,,,,,,,,,,,,RUNX1 1239,,,TGFB1 948,
/Users/seshadrilab/Desktop/NGS_TCRSeq/alpha-pheno/Demultiplex/alpha-pheno-Plate3D-Alpha01-joined.VDJ.H3.L3.CH1.dnaH3.fa,GMM,TB-1119,10143,18659,TRAV10,TRAJ42,CVVSPPGSQGNLIF,0.385,3901,TRAV19,TRAJ43,,0.152,1543,BCL6 1124,CD4 1675,CD8 278,CTLA4 1609,EOMES 1354,,GATA3 940,,,,,,,,MKI67 1886,,PRF1 734,RORC 1615,RUNX1 701,RUNX3 1543,TBET 1718,TGFB1 7,TNF 1184
/Users/seshadrilab/Desktop/NGS_TCRSeq/alpha-pheno/Demultiplex/alpha-pheno-Plate3D-Alpha02-joined.VDJ.H3.L3.CH1.dnaH3.fa,GMM,TB-1119,10145,21779,TRAV8-1,TRAJ28,CAVNAPGAGSYQLTF,0.923,9370,,,,,,,,,,,,GATA3 1084,,,,,,,,,,,RORC 69,RUNX1 1499,,,,
/Users/seshadrilab/Desktop/NGS_TCRSeq/alpha-pheno/Demultiplex/alpha-pheno-Plate3D-Alpha03-joined.VDJ.H3.L3.CH1.dnaH3.fa,GMM,TB-1119,10461,21552,TRAV26-2,TRAJ34,,0.983,10284,,,,,,,CD4 2722,,,,,,,,,,,,,MKI67 6,,,RORC 203,RUNX1 1343,RUNX3 5,,TGFB1 631,
/Users/seshadrilab/Desktop/NGS_TCRSeq/alpha-pheno/Demultiplex/alpha-pheno-Plate3D-Alpha04-joined.VDJ.H3.L3.CH1.dnaH3.fa,GMM,TB-1119,10760,17401,TRAV21,TRAJ49,CASNTGNQFYF,0.918,9887,,,,,,,,,,EOMES 6,,,,,,,,,,,,,RORC 129,RUNX1 1218,,,TGFB1 344,
/Users/seshadrilab/Desktop/NGS_TCRSeq/alpha-pheno/Demultiplex/alpha-pheno-Plate3D-Alpha05-joined.VDJ.H3.L3.CH1.dnaH3.fa,GMM,TB-1119,10747,18950,TRAV12-1,TRAJ5,CVVNRRGTGRRALTF,0.739,7952,TRAV1-2,TRAJ23,,0.185,1992,,,CD8 2323,,EOMES 566,,GATA3 1093,,IFNG 73,,,,,,,,PRF1 1066,,RUNX1 879,RUNX3 1689,TBET 1602,TGFB1 952,
/Users/seshadrilab/Desktop/NGS_TCRSeq/alpha-pheno/Demultiplex/alpha-pheno-Plate3D-Alpha06-joined.VDJ.H3.L3.CH1.dnaH3.fa,GMM,TB-1119,10778,20845,TRAV21,TRAJ10,,0.563,6070,TRAV8-4,TRAJ21,CAVSLYNFNKFYF,0.401,4329,,,,CTLA4 2291,,,GATA3 1271,,,,,,,,,,,RORC 2319,RUNX1 1111,RUNX3 2242,TBET 1592,TGFB1 1649,TNF 1696
/Users/seshadrilab/Desktop/NGS_TCRSeq/alpha-pheno/Demultiplex/alpha-pheno-Plate3D-Alpha07-joined.VDJ.H3.L3.CH1.dnaH3.fa,GMM,TB-1119,9163,20476,TRAV13-2,TRAJ26,CAENRGGQNFVF,0.93,8525,,,,,,,,CD8 2115,,EOMES 2384,,,GZMB 11,IFNG 15,,,,,,,,PRF1 966,,RUNX1 720,RUNX3 1477,TBET 1166,TGFB1 841,TNF 1210
/Users/seshadrilab/Desktop/NGS_TCRSeq/alpha-pheno/Demultiplex/alpha-pheno-Plate3D-Alpha08-joined.VDJ.H3.L3.CH1.dnaH3.fa,GMM,TB-1119,11462,20667,TRAV26-2,TRAJ13,,0.778,8921,TRAV27,TRAJ52,CAGRFIAGGTSYGKLTF,0.203,2336,,,,,,,GATA3 1051,,IFNG 20,,,,,,MKI67 4393,,PRF1 1112,,RUNX1 649,RUNX3 1937,,TGFB1 925,TNF 1337
/Users/seshadrilab/Desktop/NGS_TCRSeq/alpha-pheno/Demultiplex/alpha-pheno-Plate3D-Alpha09-joined.VDJ.H3.L3.CH1.dnaH3.fa,GMM,TB-1119,13649,19321,TRAV6,TRAJ40,CALGTGTYKYIF,0.68,9287,TRAV8-3,TRAJ43,,0.27,3694,,,CD8 1273,CTLA4 1715,EOMES 2564,,GATA3 994,,,,,,,,MKI67 3700,,PRF1 914,,RUNX1 842,RUNX3 1517,TBET 401,TGFB1 36,TNF 1260
/Users/seshadrilab/Desktop/NGS_TCRSeq/alpha-pheno/Demultiplex/alpha-pheno-Plate3D-Alpha10-joined.VDJ.H3.L3.CH1.dnaH3.fa,GMM,TB-1119,12901,22028,TRAV1-2,TRAJ33,CAAQDSNYQLIW,0.611,7892,TRAV1-2,TRAJ17,,0.352,4545,,,,,EOMES 450,,GATA3 1193,,,,,,,,,,PRF1 1235,RORC 13,RUNX1 1118,RUNX3 1903,TBET 1611,TGFB1 575,
/Users/seshadrilab/Desktop/NGS_TCRSeq/alpha-pheno/Demultiplex/alpha-pheno-Plate3D-Alpha11-joined.VDJ.H3.L3.CH1.dnaH3.fa,GMM,TB-1119,13905,21300,TRAV4,TRAJ20,,0.621,8634,TRAV9-1,TRAJ27,CALSDTNAGKSTF,0.358,4978,,,,,,,,,,,,,,,,,,RORC 222,,RUNX3 2301,,TGFB1 632,
/Users/seshadrilab/Desktop/NGS_TCRSeq/alpha-pheno/Demultiplex/alpha-pheno-Plate3D-Alpha12-joined.VDJ.H3.L3.CH1.dnaH3.fa,GMM,TB-1119,14182,20874,TRAV8-1,TRAJ3,CAVNLRDSSASKIIF,0.529,7504,TRAV1-2,TRAJ42,,0.431,6117,,,,,,,,,,,,,,,,,,,RUNX1 1383,,,TGFB1 822,
/Users/seshadrilab/Desktop/NGS_TCRSeq/alpha-pheno/Demultiplex/alpha-pheno-Plate3E-Alpha01-joined.VDJ.H3.L3.CH1.dnaH3.fa,GMM,TB-1119,13293,18314,TRAV26-2,TRAJ56,CIPHFTGANSKLTF,0.449,5979,TRAV39,TRAJ33,CAVERDSNYQLIW,0.283,3768,BCL6 659,CD4 1898,CD8 1127,CTLA4 1212,EOMES 1636,,GATA3 705,,,,,,,,,,,,RUNX1 494,RUNX3 1272,,TGFB1 333,
/Users/seshadrilab/Desktop/NGS_TCRSeq/alpha-pheno/Demultiplex/alpha-pheno-Plate3E-Alpha02-joined.VDJ.H3.L3.CH1.dnaH3.fa,GMM,TB-1119,13768,24089,TRAV26-1,TRAJ30,CIVRAKNRDDKIIF,0.826,11373,,,,,,,,,,,,GATA3 667,,,,,,,,,,,,,RUNX3 35,,TGFB1 104,
/Users/seshadrilab/Desktop/NGS_TCRSeq/alpha-pheno/Demultiplex/alpha-pheno-Plate3E-Alpha03-joined.VDJ.H3.L3.CH1.dnaH3.fa,GMM,TB-1119,12112,21011,TRAV1-2,TRAJ20,CAVEDGDYKLSF,0.642,7781,TRAV8-4,TRAJ17,,0.312,3788,,,,,EOMES 2352,,,,,,,,,,,,,RORC 1721,RUNX1 768,RUNX3 1938,,TGFB1 739,TNF 1462
/Users/seshadrilab/Desktop/NGS_TCRSeq/alpha-pheno/Demultiplex/alpha-pheno-Plate3E-Alpha04-joined.VDJ.H3.L3.CH1.dnaH3.fa,GMM,TB-1119,74,24345,,,,,,,,,,,,CD4 6,,,,,,,,,,,,,,,,RORC 5,,RUNX3 7,,,
/Users/seshadrilab/Desktop/NGS_TCRSeq/alpha-pheno/Demultiplex/alpha-pheno-Plate3E-Alpha05-joined.VDJ.H3.L3.CH1.dnaH3.fa,GMM,TB-1119,12382,22199,TRAV12-3,TRAJ13,CAMSAPSGGYQKVTF,0.918,11373,,,,,,,,,,,,,,,,,,,,,,,RORC 282,RUNX1 775,RUNX3 1726,,TGFB1 984,
/Users/seshadrilab/Desktop/NGS_TCRSeq/alpha-pheno/Demultiplex/alpha-pheno-Plate3E-Alpha06-joined.VDJ.H3.L3.CH1.dnaH3.fa,GMM,TB-1119,7039,22187,TRAV1-2,TRAJ33,CAVKDSNYQLIW,0.932,6565,,,,,,,,,,EOMES 2751,,GATA3 1182,,,,,,,,,,PRF1 1246,RORC 1979,RUNX1 1162,RUNX3 1815,,TGFB1 1425,
/Users/seshadrilab/Desktop/NGS_TCRSeq/alpha-pheno/Demultiplex/alpha-pheno-Plate3E-Alpha07-joined.VDJ.H3.L3.CH1.dnaH3.fa,GMM,TB-1119,13548,23660,TRAV12-2,TRAJ31,CAVNNARLMF,0.93,12599,,,,,,,CD4 2296,,,,,GATA3 922,,,,,,,,,,,RORC 5,RUNX1 1329,RUNX3 5,,TGFB1 581,
/Users/seshadrilab/Desktop/NGS_TCRSeq/alpha-pheno/Demultiplex/alpha-pheno-Plate3E-Alpha08-joined.VDJ.H3.L3.CH1.dnaH3.fa,GMM,TB-1119,13425,22930,TRAV17,TRAJ41,CATLSSSGYALNF,0.926,12429,,,,,,,,,CTLA4 2071,,FOXP3 1220,GATA3 1060,,,,,,,,,,,RORC 1836,RUNX1 993,RUNX3 1741,,TGFB1 473,
/Users/seshadrilab/Desktop/NGS_TCRSeq/alpha-pheno/Demultiplex/alpha-pheno-Plate3E-Alpha09-joined.VDJ.H3.L3.CH1.dnaH3.fa,GMM,TB-1119,12558,22800,TRAV1-2,TRAJ33,CAVVDSNYQLIW,0.937,11776,,,,,,,,CD8 1940,,EOMES 838,,,,IFNG 77,,,,,,,,PRF1 963,RORC 1673,RUNX1 798,RUNX3 1436,TBET 1266,TGFB1 851,
/Users/seshadrilab/Desktop/NGS_TCRSeq/alpha-pheno/Demultiplex/alpha-pheno-Plate3E-Alpha10-joined.VDJ.H3.L3.CH1.dnaH3.fa,GMM,TB-1119,12284,21976,TRAV13-1,TRAJ48,CAAPPNFGNEKLTF,0.672,8255,,TRAJ28 59 0,CAVRDFGAGSYQLTF,0.17,2097,BCL6 662,CD4 1778,,,,,GATA3 663,,,,IL12A 1178,,,,,,,RORC 64,RUNX1 697,RUNX3 1219,,TGFB1 1165,TNF 756
/Users/seshadrilab/Desktop/NGS_TCRSeq/alpha-pheno/Demultiplex/alpha-pheno-Plate3E-Alpha11-joined.VDJ.H3.L3.CH1.dnaH3.fa,GMM,TB-1119,13050,23170,TRAV12-1,TRAJ42,CAVNGANYGGSQGNLIF,0.717,9360,TRAV9-1,TRAJ49,,0.162,2121,,,CD8 1298,,,,,,,,,,,,,,,RORC 15,,RUNX3 5,,TGFB1 880,TNF 5
/Users/seshadrilab/Desktop/NGS_TCRSeq/alpha-pheno/Demultiplex/alpha-pheno-Plate3E-Alpha12-joined.VDJ.H3.L3.CH1.dnaH3.fa,GMM,TB-1119,13300,19521,TRAV8-6,TRAJ57,CAVSETRSEKLVF,0.53,7058,,TRAJ40 60 0,CAVQATSGTYKYIF,0.371,4941,BCL6 675,CD4 2108,CD8 1045,,EOMES 2142,FOXP3 1013,GATA3 893,,,IL10 96,IL12A 1294,,,,,,PRF1 942,RORC 1592,RUNX1 790,RUNX3 1119,TBET 552,TGFB1 371,TNF 767
/Users/seshadrilab/Desktop/NGS_TCRSeq/alpha-pheno/Demultiplex/alpha-pheno-Plate3F-Alpha01-joined.VDJ.H3.L3.CH1.dnaH3.fa,GMM,TB-1119,12919,24319,TRAV8-4,TRAJ48,,0.499,6456,TRAV25,TRAJ52,CAGPRPKAGGTSYGKLTF,0.46,5943,,,,,,,,,,,,,,,,,,RORC 228,RUNX1 1377,,,,
/Users/seshadrilab/Desktop/NGS_TCRSeq/alpha-pheno/Demultiplex/alpha-pheno-Plate3F-Alpha02-joined.VDJ.H3.L3.CH1.dnaH3.fa,GMM,TB-1119,13987,22761,TRAV26-1,TRAJ22,CIVRVQGSGSARQLTF,0.712,9961,TRAV1-2,TRAJ33,CAVMDSNYQLIW,0.205,2868,BCL6 1064,,,,EOMES 1544,,,GZMB 5,,,,,,,,,PRF1 983,RORC 1413,RUNX1 772,RUNX3 1766,TBET 1809,TGFB1 1287,
/Users/seshadrilab/Desktop/NGS_TCRSeq/alpha-pheno/Demultiplex/alpha-pheno-Plate3F-Alpha03-joined.VDJ.H3.L3.CH1.dnaH3.fa,GMM,TB-1119,11441,24248,TRAV13-1,TRAJ38,CAPDAGNNRKLIW,0.746,8536,mTRAV14D-1,TRAJ8,CAASKDPSNTGFQKLVF,0.172,1976,,,,,,,,,,,,,,,,,,RORC 132,RUNX1 1486,,,,
/Users/seshadrilab/Desktop/NGS_TCRSeq/alpha-pheno/Demultiplex/alpha-pheno-Plate3F-Alpha04-joined.VDJ.H3.L3.CH1.dnaH3.fa,GMM,TB-1119,59,22909,,,,,,,,,,,BCL6 1257,,,,,,GATA3 1096,,,,,,,,,,PRF1 1321,RORC 58,RUNX1 958,RUNX3 2045,TBET 2915,TGFB1 1188,TNF 1391
/Users/seshadrilab/Desktop/NGS_TCRSeq/alpha-pheno/Demultiplex/alpha-pheno-Plate3F-Alpha05-joined.VDJ.H3.L3.CH1.dnaH3.fa,GMM,TB-1119,208,20446,,,,,,,,,,,,,,,,,,,,,,,,,,,,RORC 59,,RUNX3 6,,,
/Users/seshadrilab/Desktop/NGS_TCRSeq/alpha-pheno/Demultiplex/alpha-pheno-Plate3F-Alpha06-joined.VDJ.H3.L3.CH1.dnaH3.fa,GMM,TB-1119,13310,20449,TRAV1-2,TRAJ40,CAVFTSGTYKYIF,0.933,12426,,,,,,,,,,,,GATA3 1005,,,,,,,,,,,,RUNX1 1360,,,TGFB1 810,TNF 1415
/Users/seshadrilab/Desktop/NGS_TCRSeq/alpha-pheno/Demultiplex/alpha-pheno-Plate3F-Alpha07-joined.VDJ.H3.L3.CH1.dnaH3.fa,GMM,TB-1119,14313,20987,TRAV8-3,TRAJ52,CAVGARAGGTSYGKLTF,0.544,7800,,TRAJ37 56 0,,0.351,5033,,,,,,,GATA3 964,,,,,,,,,,,,,RUNX3 2147,,TGFB1 369,
/Users/seshadrilab/Desktop/NGS_TCRSeq/alpha-pheno/Demultiplex/alpha-pheno-Plate3F-Alpha08-joined.VDJ.H3.L3.CH1.dnaH3.fa,GMM,TB-1119,14247,19282,TRAV8-4,TRAJ37,CVVSDRAGKLIF,0.604,8605,TRAV9-1,TRAJ15,,0.352,5023,,,,,,,GATA3 1110,,,,,,,,,,,RORC 1795,RUNX1 968,RUNX3 1830,,TGFB1 1170,
/Users/seshadrilab/Desktop/NGS_TCRSeq/alpha-pheno/Demultiplex/alpha-pheno-Plate3F-Alpha09-joined.VDJ.H3.L3.CH1.dnaH3.fa,GMM,TB-1119,76,18658,,,,,,,,,,,,,,CTLA4 1635,EOMES 1523,,GATA3 935,GZMB 10,,,,,,,,,PRF1 1016,,RUNX1 623,RUNX3 1681,TBET 2176,TGFB1 1012,
/Users/seshadrilab/Desktop/NGS_TCRSeq/alpha-pheno/Demultiplex/alpha-pheno-Plate3F-Alpha10-joined.VDJ.H3.L3.CH1.dnaH3.fa,GMM,TB-1119,13590,24996,,TRAJ23 59 0,CAMRERRRYNQGGKLIF,0.81,11008,,,,,,,,,,EOMES 1557,,,GZMB 11,IFNG 372,,,,,,,,PRF1 1102,RORC 56,RUNX1 810,RUNX3 1782,TBET 2144,TGFB1 1242,
/Users/seshadrilab/Desktop/NGS_TCRSeq/alpha-pheno/Demultiplex/alpha-pheno-Plate3F-Alpha11-joined.VDJ.H3.L3.CH1.dnaH3.fa,GMM,TB-1119,12240,24665,TRAV8-6,TRAJ32,CAVSSNYGGATNKLIF,0.914,11186,,,,,,,CD4 2295,,,,,,,,,,,,,,,,RORC 55,RUNX1 1283,,,TGFB1 273,
/Users/seshadrilab/Desktop/NGS_TCRSeq/alpha-pheno/Demultiplex/alpha-pheno-Plate3F-Alpha12-joined.VDJ.H3.L3.CH1.dnaH3.fa,GMM,TB-1119,187,26366,,,,,,,,,,,,,,,,,,,,,,,,,,,,RORC 240,,,,,
/Users/seshadrilab/Desktop/NGS_TCRSeq/alpha-pheno/Demultiplex/alpha-pheno-Plate3G-Alpha01-joined.VDJ.H3.L3.CH1.dnaH3.fa,GMM,TB-1119,150,23830,,,,,,,,,,,,,,,,,,,,,,,,,,,,RORC 6,,RUNX3 2444,,,
/Users/seshadrilab/Desktop/NGS_TCRSeq/alpha-pheno/Demultiplex/alpha-pheno-Plate3G-Alpha02-joined.VDJ.H3.L3.CH1.dnaH3.fa,GMM,TB-1119,112,24338,,,,,,,,,,,,,,,,,,,,,,,,,,,,RORC 246,,RUNX3 7,TBET 2626,TGFB1 925,
/Users/seshadrilab/Desktop/NGS_TCRSeq/alpha-pheno/Demultiplex/alpha-pheno-Plate3G-Alpha03-joined.VDJ.H3.L3.CH1.dnaH3.fa,GMM,TB-1119,10323,23445,TRAV29/DV5,TRAJ20,CAALPDPISNDYKLSF,0.905,9339,,,,,,,,,,,,GATA3 921,,,,,,,,,,PRF1 1219,RORC 60,,RUNX3 2548,TBET 1239,TGFB1 1431,
/Users/seshadrilab/Desktop/NGS_TCRSeq/alpha-pheno/Demultiplex/alpha-pheno-Plate3G-Alpha04-joined.VDJ.H3.L3.CH1.dnaH3.fa,GMM,TB-1119,54,22786,,,,,,,,,,,,,,,,,GATA3 1234,,,,,,,,,,PRF1 1364,RORC 1919,RUNX1 855,RUNX3 2248,,TGFB1 549,
/Users/seshadrilab/Desktop/NGS_TCRSeq/alpha-pheno/Demultiplex/alpha-pheno-Plate3G-Alpha05-joined.VDJ.H3.L3.CH1.dnaH3.fa,GMM,TB-1119,13610,20616,TRAV21,TRAJ39,,0.658,8958,TRAV29/DV5,TRAJ40,CAASAASGTYKYIF,0.319,4350,,,,,,,GATA3 899,,,,,,,,,,,,RUNX1 855,RUNX3 1527,,TGFB1 170,TNF 1244
/Users/seshadrilab/Desktop/NGS_TCRSeq/alpha-pheno/Demultiplex/alpha-pheno-Plate3G-Alpha06-joined.VDJ.H3.L3.CH1.dnaH3.fa,GMM,TB-1119,12095,20231,TRAV9-1,TRAJ28,CALGGLYSGAGSYQLTF,0.916,11078,,,,,,,,,,,,GATA3 692,,,,,,,,,,,,,RUNX3 1849,TBET 942,TGFB1 976,
/Users/seshadrilab/Desktop/NGS_TCRSeq/alpha-pheno/Demultiplex/alpha-pheno-Plate3G-Alpha07-joined.VDJ.H3.L3.CH1.dnaH3.fa,GMM,TB-1119,96,20255,,,,,,,,,,,,,,,EOMES 2527,,GATA3 907,,,,,,,,,,PRF1 1063,RORC 1730,RUNX1 913,RUNX3 1563,TBET 1280,TGFB1 1229,
/Users/seshadrilab/Desktop/NGS_TCRSeq/alpha-pheno/Demultiplex/alpha-pheno-Plate3G-Alpha08-joined.VDJ.H3.L3.CH1.dnaH3.fa,GMM,TB-1119,14393,19993,TRAV8-4,TRAJ24,CAVSDRPDSWGKLQF,0.467,6723,,TRAJ9 58 0,,0.415,5972,,,,CTLA4 2639,,,GATA3 1330,,,,,,,,,,,,RUNX1 1029,RUNX3 2449,,TGFB1 1355,
/Users/seshadrilab/Desktop/NGS_TCRSeq/alpha-pheno/Demultiplex/alpha-pheno-Plate3G-Alpha09-joined.VDJ.H3.L3.CH1.dnaH3.fa,GMM,TB-1119,12715,18469,TRAV19,TRAJ52,CALVRAGGASYGKLTF,0.313,3989,TRAV10,TRAJ10,CVVSADTGGGNKLTF,0.286,3644,BCL6 767,CD4 1939,CD8 291,,EOMES 396,,GATA3 843,GZMB 27,,,,,,,MKI67 2701,,PRF1 847,RORC 1341,RUNX1 683,RUNX3 978,TBET 1441,TGFB1 180,TNF 829
/Users/seshadrilab/Desktop/NGS_TCRSeq/alpha-pheno/Demultiplex/alpha-pheno-Plate3G-Alpha10-joined.VDJ.H3.L3.CH1.dnaH3.fa,Cell Line,TB-1119,12273,21824,TRAV8-4,TRAJ20,CVVSDNYKLSF,0.769,9447,TRAV1-2,TRAJ9,CAVRLTGGFKTIF,0.152,1873,,,,,,FOXP3 1267,GATA3 836,,IFNG 235,,,,,,,,,RORC 38,,RUNX3 1952,TBET 2634,TGFB1 853,TNF 1217
/Users/seshadrilab/Desktop/NGS_TCRSeq/alpha-pheno/Demultiplex/alpha-pheno-Plate3G-Alpha11-joined.VDJ.H3.L3.CH1.dnaH3.fa,Blank,TB-1119,217,23066,,,,,,,,,,,,,,,,,,,,,,,,,,,,,,,,,
/Users/seshadrilab/Desktop/NGS_TCRSeq/alpha-pheno/Demultiplex/alpha-pheno-Plate3G-Alpha12-joined.VDJ.H3.L3.CH1.dnaH3.fa,Tet (-),TB-1119,12070,21976,TRAV8-3,TRAJ5,CAVGGSPMDTGRRALTF,0.642,7754,TRAV1-1,TRAJ45,,0.293,3538,,,,,,,,,,,,,,,,,PRF1 881,RORC 170,,RUNX3 1816,,TGFB1 947,
/Users/seshadrilab/Desktop/NGS_TCRSeq/alpha-pheno/Demultiplex/alpha-pheno-Plate3H-Alpha01-joined.VDJ.H3.L3.CH1.dnaH3.fa,Tet (-),TB-1119,12847,30110,TRAV8-4,TRAJ10,CAVTVTGGGNKLTF,0.923,11868,,,,,,,,,CTLA4 3056,,,GATA3 1830,,,,,,,,,,,RORC 23,RUNX1 1642,RUNX3 3047,,TGFB1 1443,
/Users/seshadrilab/Desktop/NGS_TCRSeq/alpha-pheno/Demultiplex/alpha-pheno-Plate3H-Alpha02-joined.VDJ.H3.L3.CH1.dnaH3.fa,Tet (-),TB-1119,7288,33939,TRAV2,TRAJ45,CAVPYSGGGADGLTF,0.558,4071,TRAV26-2,TRAJ35,CILRVGWGGFGNVLHC,0.364,2653,,,,CTLA4 3295,,,GATA3 6,,,,,,,,,,,,RUNX1 2529,RUNX3 5,,TGFB1 885,
/Users/seshadrilab/Desktop/NGS_TCRSeq/alpha-pheno/Demultiplex/alpha-pheno-Plate3H-Alpha03-joined.VDJ.H3.L3.CH1.dnaH3.fa,Tet (-),TB-1119,12654,30766,TRAV27,TRAJ49,CAGGGGGNQFYF,0.765,9691,TRAV13-1,TRAJ41,,0.139,1766,,,,,,,GATA3 1514,,,,,,,,,,,RORC 31,RUNX1 1466,RUNX3 2494,,TGFB1 796,
/Users/seshadrilab/Desktop/NGS_TCRSeq/alpha-pheno/Demultiplex/alpha-pheno-Plate3H-Alpha04-joined.VDJ.H3.L3.CH1.dnaH3.fa,Tet (-),TB-1119,15237,31644,TRAV26-1,TRAJ29,CIVRVASGNTPLVF,0.899,13705,,,,,,,,,,,,,,,,,,,,,,,RORC 16,,RUNX3 3978,,TGFB1 691,
/Users/seshadrilab/Desktop/NGS_TCRSeq/alpha-pheno/Demultiplex/alpha-pheno-Plate3H-Alpha05-joined.VDJ.H3.L3.CH1.dnaH3.fa,Tet (-),TB-1119,14566,21917,TRAV22,TRAJ39,CAVEGNAGNMLTF,0.857,6125,,,,,,,,,,,,,,,,,,,,,,,RORC 24,RUNX1 1407,,,TGFB1 821,
/Users/seshadrilab/Desktop/NGS_TCRSeq/alpha-pheno/Demultiplex/alpha-pheno-Plate3H-Alpha06-joined.VDJ.H3.L3.CH1.dnaH3.fa,Tet (-),TB-1119,11017,19553,TRAV29/DV5,TRAJ54,CAASRVQGAQKLVF,0.551,6079,TRAV24,TRAJ52,CASDNAGGTSYGKLTF,0.371,4092,,,,,EOMES 49,,,,,,,,,,,,PRF1 986,,RUNX1 728,RUNX3 1746,TBET 1471,TGFB1 175,
/Users/seshadrilab/Desktop/NGS_TCRSeq/alpha-pheno/Demultiplex/alpha-pheno-Plate3H-Alpha07-joined.VDJ.H3.L3.CH1.dnaH3.fa,Tet (-),TB-1119,11900,22561,TRAV3,TRAJ34,CAEPNTDKLIF,0.694,8257,TRAV4,TRAJ33,,0.262,3121,,,,,,,GATA3 1131,,,,,,,,,,,RORC 88,RUNX1 1178,RUNX3 1764,,TGFB1 439,
/Users/seshadrilab/Desktop/NGS_TCRSeq/alpha-pheno/Demultiplex/alpha-pheno-Plate3H-Alpha08-joined.VDJ.H3.L3.CH1.dnaH3.fa,Tet (-),TB-1119,51,22268,,,,,,,,,,,,,,,,,GATA3 1432,,IFNG 39,,,,,,,,,,RUNX1 41,RUNX3 2812,TBET 1617,TGFB1 1350,
/Users/seshadrilab/Desktop/NGS_TCRSeq/alpha-pheno/Demultiplex/alpha-pheno-Plate3H-Alpha09-joined.VDJ.H3.L3.CH1.dnaH3.fa,Tet (-),TB-1119,13088,19203,TRAV41,TRAJ34,CAVNTDKLIF,0.941,12318,,,,,,,,,,,,GATA3 1000,,IFNG 420,,,,,,MKI67 5,,,,,RUNX3 2077,,TGFB1 1057,
/Users/seshadrilab/Desktop/NGS_TCRSeq/alpha-pheno/Demultiplex/alpha-pheno-Plate3H-Alpha10-joined.VDJ.H3.L3.CH1.dnaH3.fa,Tet (-),TB-1119,14581,23664,TRAV26-1,TRAJ20,CIVRVNDYKLSF,0.927,13520,,,,,,,CD4 2814,,CTLA4 1854,,,,,,,,,,,,,,,RUNX1 984,RUNX3 1875,TBET 1338,TGFB1 733,
/Users/seshadrilab/Desktop/NGS_TCRSeq/alpha-pheno/Demultiplex/alpha-pheno-Plate3H-Alpha11-joined.VDJ.H3.L3.CH1.dnaH3.fa,Cell Line,TB-1119,13299,21883,TRAV17,TRAJ9,CATPFIGGFKTIF,0.62,8246,TRAV3,TRAJ39,,0.331,4411,,CD4 2671,,,,,GATA3 969,,,,,,,,,,,RORC 1641,RUNX1 928,RUNX3 1639,,TGFB1 925,
/Users/seshadrilab/Desktop/NGS_TCRSeq/alpha-pheno/Demultiplex/alpha-pheno-Plate3H-Alpha12-joined.VDJ.H3.L3.CH1.dnaH3.fa,Blank,TB-1119,60,15351,,,,,,,,,,,,,,,,,,,,,,,,,,,,,,,,,
/Users/seshadrilab/Desktop/NGS_TCRSeq/alpha-pheno/Demultiplex/alpha-pheno-Plate4A-Alpha01-joined.VDJ.H3.L3.CH1.dnaH3.fa,SGL,TB-1119,15026,23712,TRAV8-3,TRAJ10,CAVGPTGGGNKLTF,0.834,12535,TRAV8-3,TRAJ6,CAVGITXRGYIPTF,0.1,1511,,,,,,,GATA3 840,,,,,,,,,,,RORC 261,RUNX1 902,RUNX3 1466,TBET 6,TGFB1 963,
/Users/seshadrilab/Desktop/NGS_TCRSeq/alpha-pheno/Demultiplex/alpha-pheno-Plate4A-Alpha02-joined.VDJ.H3.L3.CH1.dnaH3.fa,SGL,TB-1119,12939,23755,TRAV1-2,TRAJ33,CASKDSNYQLIW,0.928,12014,,,,,,,,CD8 2067,,EOMES 2276,,,,,,,,,,,,PRF1 975,RORC 1524,RUNX1 865,RUNX3 1467,,TGFB1 1314,
/Users/seshadrilab/Desktop/NGS_TCRSeq/alpha-pheno/Demultiplex/alpha-pheno-Plate4A-Alpha03-joined.VDJ.H3.L3.CH1.dnaH3.fa,SGL,TB-1119,13209,23557,TRAV8-4,TRAJ42,,0.582,7690,TRAV1-1,TRAJ17,CAVRGIKAAGNKLTF,0.383,5065,,,,,EOMES 2426,,GATA3 1006,,IFNG 1157,,,,,,,,,RORC 184,RUNX1 986,RUNX3 1794,TBET 1398,TGFB1 1259,
/Users/seshadrilab/Desktop/NGS_TCRSeq/alpha-pheno/Demultiplex/alpha-pheno-Plate4A-Alpha04-joined.VDJ.H3.L3.CH1.dnaH3.fa,SGL,TB-1119,14176,25118,TRAV21,TRAJ42,CAVKYGGSQGNLIF,0.917,13004,,,,,,,,,,,,GATA3 1451,,,,,,,,,,PRF1 7,,RUNX1 1989,,TBET 5,TGFB1 1119,
/Users/seshadrilab/Desktop/NGS_TCRSeq/alpha-pheno/Demultiplex/alpha-pheno-Plate4A-Alpha05-joined.VDJ.H3.L3.CH1.dnaH3.fa,SGL,TB-1119,13583,15869,TRAV26-1,TRAJ52,,0.607,8258,TRAV25,TRAJ54,CAGLMIIQGAQKLVF,0.359,4888,,,CD8 1630,CTLA4 1219,EOMES 1783,,GATA3 784,,,,,,,,MKI67 2570,,PRF1 714,,RUNX1 989,RUNX3 916,TBET 963,TGFB1 24,
/Users/seshadrilab/Desktop/NGS_TCRSeq/alpha-pheno/Demultiplex/alpha-pheno-Plate4A-Alpha06-joined.VDJ.H3.L3.CH1.dnaH3.fa,SGL,TB-1119,12368,14686,TRAV17,TRAJ34,CATDARRNTDKLIF,0.917,11345,,,,,,,,,,,,,,,,,,,,,,PRF1 541,,RUNX1 502,RUNX3 834,,TGFB1 32,
/Users/seshadrilab/Desktop/NGS_TCRSeq/alpha-pheno/Demultiplex/alpha-pheno-Plate4A-Alpha07-joined.VDJ.H3.L3.CH1.dnaH3.fa,SGL,TB-1119,13128,18062,TRAV21,TRAJ53,CAVRKNSGGSNYKLTF,0.828,10869,,,,,,,,,,,,GATA3 774,,,,,,,,,,,,RUNX1 1023,RUNX3 5,,TGFB1 958,
/Users/seshadrilab/Desktop/NGS_TCRSeq/alpha-pheno/Demultiplex/alpha-pheno-Plate4A-Alpha08-joined.VDJ.H3.L3.CH1.dnaH3.fa,SGL,TB-1119,13545,19567,TRAV21,TRAJ9,CAHQGGFKTIF,0.665,9007,TRAV26-1,TRAJ27,,0.285,3870,,,,,,,,,,,,,,,,,PRF1 861,,,RUNX3 2068,TBET 1704,TGFB1 628,
/Users/seshadrilab/Desktop/NGS_TCRSeq/alpha-pheno/Demultiplex/alpha-pheno-Plate4A-Alpha09-joined.VDJ.H3.L3.CH1.dnaH3.fa,SGL,TB-1119,13342,20139,TRAV26-2,TRAJ53,CILRVSGGSNYKLTF,0.733,9784,TRAV9-1,TRAJ52,CALSGTSYGKLTF,0.186,2490,,,,CTLA4 1517,,,GATA3 796,,,,,,,,,,,,,RUNX3 1863,TBET 2243,TGFB1 796,TNF 1167
/Users/seshadrilab/Desktop/NGS_TCRSeq/alpha-pheno/Demultiplex/alpha-pheno-Plate4A-Alpha10-joined.VDJ.H3.L3.CH1.dnaH3.fa,SGL,TB-1119,12856,20309,TRAV6,TRAJ23,CALTIYNQGGKLIF,0.533,6856,TRAV16,TRAJ39,,0.417,5372,,,,CTLA4 1778,,,GATA3 1004,,,,,,,,,,,RORC 47,RUNX1 913,RUNX3 1762,,TGFB1 718,
/Users/seshadrilab/Desktop/NGS_TCRSeq/alpha-pheno/Demultiplex/alpha-pheno-Plate4A-Alpha11-joined.VDJ.H3.L3.CH1.dnaH3.fa,SGL,TB-1119,7910,21462,TRAV24,TRAJ39,CAFSSGNAGNMLTF,0.91,7149,,,,,,,,,,,,,,IFNG 685,,,,,,,,PRF1 658,,RUNX1 598,RUNX3 1162,TBET 1888,TGFB1 999,
/Users/seshadrilab/Desktop/NGS_TCRSeq/alpha-pheno/Demultiplex/alpha-pheno-Plate4A-Alpha12-joined.VDJ.H3.L3.CH1.dnaH3.fa,SGL,TB-1119,13088,19628,TRAV13-1,TRAJ27,CAAVRRWANAGKSTF,0.623,8162,TRAV8-3,TRAJ8,,0.322,4215,,,,CTLA4 1508,EOMES 2072,,GATA3 791,,,,,,,,,,PRF1 929,RORC 1424,RUNX1 882,RUNX3 1373,,TGFB1 1113,
/Users/seshadrilab/Desktop/NGS_TCRSeq/alpha-pheno/Demultiplex/alpha-pheno-Plate4B-Alpha01-joined.VDJ.H3.L3.CH1.dnaH3.fa,SGL,TB-1119,13430,22724,TRAV21,TRAJ41,CAVITDSGYALNF,0.566,5180,TRAV9-1,TRAJ48,CARLFGNEKLTF,0.356,3258,BCL6 907,,,CTLA4 1686,,,GATA3 921,GZMB 7,,,,,,,,,PRF1 975,RORC 26,RUNX1 895,RUNX3 1576,TBET 2479,TGFB1 1273,
/Users/seshadrilab/Desktop/NGS_TCRSeq/alpha-pheno/Demultiplex/alpha-pheno-Plate4B-Alpha02-joined.VDJ.H3.L3.CH1.dnaH3.fa,SGL,TB-1119,93,23568,,,,,,,,,,,,,,,,,GATA3 751,,,,,,,,,,PRF1 850,RORC 44,RUNX1 759,RUNX3 1724,TBET 959,TGFB1 1164,
/Users/seshadrilab/Desktop/NGS_TCRSeq/alpha-pheno/Demultiplex/alpha-pheno-Plate4B-Alpha03-joined.VDJ.H3.L3.CH1.dnaH3.fa,SGL,TB-1119,13458,21526,TRAV26-1,TRAJ15,,0.778,4551,TRAV8-4,TRAJ26,CVVSESNYGQNFVF,0.201,1178,,CD4 2347,,CTLA4 1432,,FOXP3 1306,GATA3 967,,,,,,,,MKI67 1719,PDCD1 27,,,RUNX1 1105,,,TGFB1 985,
/Users/seshadrilab/Desktop/NGS_TCRSeq/alpha-pheno/Demultiplex/alpha-pheno-Plate4B-Alpha04-joined.VDJ.H3.L3.CH1.dnaH3.fa,SGL,TB-1119,12708,24187,TRAV8-6,TRAJ23,,0.547,6952,TRAV8-3,TRAJ20,CAVDDYKLSF,0.413,5257,,,CD8 2699,,,,GATA3 1186,GZMB 10,,,,,,,,,,RORC 22,RUNX1 864,RUNX3 2178,TBET 2927,TGFB1 1258,
/Users/seshadrilab/Desktop/NGS_TCRSeq/alpha-pheno/Demultiplex/alpha-pheno-Plate4B-Alpha05-joined.VDJ.H3.L3.CH1.dnaH3.fa,SGL,TB-1119,12482,22329,TRAV19,TRAJ36,CALSQEGTGANNLFF,0.92,11486,,,,,,,,,,,,GATA3 849,,,,,,,,,,,,RUNX1 865,RUNX3 1474,,TGFB1 1151,
/Users/seshadrilab/Desktop/NGS_TCRSeq/alpha-pheno/Demultiplex/alpha-pheno-Plate4B-Alpha06-joined.VDJ.H3.L3.CH1.dnaH3.fa,SGL,TB-1119,11575,20864,TRAV3,TRAJ35,CAVRAIGFGNVLHC,0.898,10392,,,,,,,CD4 2205,,CTLA4 1500,,,GATA3 964,,,,,,,,MKI67 3134,,PRF1 840,,RUNX1 886,RUNX3 1285,TBET 2283,TGFB1 20,
/Users/seshadrilab/Desktop/NGS_TCRSeq/alpha-pheno/Demultiplex/alpha-pheno-Plate4B-Alpha07-joined.VDJ.H3.L3.CH1.dnaH3.fa,SGL,TB-1119,12985,21111,TRAV19,TRAJ11,CALRAGTSGYSTLTF,0.711,9240,TRAV21,TRAJ10,,0.228,2966,,,CD8 1899,,EOMES 1640,,,,IFNG 998,,,,,,,,PRF1 830,,RUNX1 774,RUNX3 1132,TBET 1788,TGFB1 535,
/Users/seshadrilab/Desktop/NGS_TCRSeq/alpha-pheno/Demultiplex/alpha-pheno-Plate4B-Alpha08-joined.VDJ.H3.L3.CH1.dnaH3.fa,SGL,TB-1119,11677,24026,TRAV13-1,TRAJ53,CAASEGSNYKLTF,0.607,7092,TRAV25,TRAJ11,,0.321,3753,,,CD8 2678,,,,,,,,,,,,,,,RORC 7,RUNX1 1006,RUNX3 1713,,TGFB1 913,
/Users/seshadrilab/Desktop/NGS_TCRSeq/alpha-pheno/Demultiplex/alpha-pheno-Plate4B-Alpha09-joined.VDJ.H3.L3.CH1.dnaH3.fa,SGL,TB-1119,11023,36045,TRAV9-1,TRAJ31,CALKGDNARLMF,0.919,10135,,,,,,,,,CTLA4 3294,,,GATA3 1689,,IFNG 1428,,,,,,,,,RORC 3229,RUNX1 2379,,TBET 2242,TGFB1 2369,
/Users/seshadrilab/Desktop/NGS_TCRSeq/alpha-pheno/Demultiplex/alpha-pheno-Plate4B-Alpha10-joined.VDJ.H3.L3.CH1.dnaH3.fa,SGL,TB-1119,150,35972,,,,,,,,,,,,,,,EOMES 2971,,GATA3 1771,,,,,,,,,,PRF1 1843,,RUNX1 1597,RUNX3 2679,TBET 3915,TGFB1 1912,
/Users/seshadrilab/Desktop/NGS_TCRSeq/alpha-pheno/Demultiplex/alpha-pheno-Plate4B-Alpha11-joined.VDJ.H3.L3.CH1.dnaH3.fa,SGL,TB-1119,134,33573,,,,,,,,,,,,,,,EOMES 2303,,GATA3 1445,,,,,,,,,,PRF1 1559,RORC 2436,RUNX1 1552,RUNX3 2425,TBET 2143,TGFB1 1455,TNF 1896
/Users/seshadrilab/Desktop/NGS_TCRSeq/alpha-pheno/Demultiplex/alpha-pheno-Plate4B-Alpha12-joined.VDJ.H3.L3.CH1.dnaH3.fa,SGL,TB-1119,11483,35471,TRAV25,TRAJ32,CAAPNYGGATNKLIF,0.913,10490,,,,,,,CD4 122,,,EOMES 3547,,GATA3 1556,,,,,,,,,,,RORC 201,RUNX1 1528,RUNX3 2658,TBET 1745,TGFB1 2351,
/Users/seshadrilab/Desktop/NGS_TCRSeq/alpha-pheno/Demultiplex/alpha-pheno-Plate4C-Alpha01-joined.VDJ.H3.L3.CH1.dnaH3.fa,SGL,TB-1119,13058,20351,TRAV4,TRAJ13,CLVGDSFSGGYQKVTF,0.881,11512,,,,,,,CD4 2076,,CTLA4 1085,,,GATA3 850,,IFNG 67,,,,,,MKI67 1253,,PRF1 846,,RUNX1 1041,RUNX3 1388,TBET 1177,TGFB1 737,
/Users/seshadrilab/Desktop/NGS_TCRSeq/alpha-pheno/Demultiplex/alpha-pheno-Plate4C-Alpha02-joined.VDJ.H3.L3.CH1.dnaH3.fa,SGL,TB-1119,13045,21726,TRAV25,TRAJ27,CAGANAGKSTF,0.912,11903,,,,,,,,CD8 586,,,,GATA3 731,,,,,,,,,,,RORC 245,,RUNX3 2129,TBET 969,TGFB1 1280,
/Users/seshadrilab/Desktop/NGS_TCRSeq/alpha-pheno/Demultiplex/alpha-pheno-Plate4C-Alpha03-joined.VDJ.H3.L3.CH1.dnaH3.fa,SGL,TB-1119,12663,21247,TRAV12-1,TRAJ52,CAVNVERPXGGTSYGKLTF,0.545,6902,TRAV29/DV5,TRAJ42,CAASARWGSQGNLIF,0.351,4456,,CD4 1785,,,,,GATA3 722,,,,,,,,,,,RORC 113,RUNX1 725,RUNX3 1676,,TGFB1 1211,
/Users/seshadrilab/Desktop/NGS_TCRSeq/alpha-pheno/Demultiplex/alpha-pheno-Plate4C-Alpha04-joined.VDJ.H3.L3.CH1.dnaH3.fa,SGL,TB-1119,12803,22324,TRAV13-1,TRAJ15,CAAPPRGQAGTALIF,0.914,11708,,,,,,,,CD8 228,,,,GATA3 1087,,,,,,,,,,,,RUNX1 821,RUNX3 2406,,TGFB1 1340,
/Users/seshadrilab/Desktop/NGS_TCRSeq/alpha-pheno/Demultiplex/alpha-pheno-Plate4C-Alpha05-joined.VDJ.H3.L3.CH1.dnaH3.fa,SGL,TB-1119,160,22971,,,,,,,,,,,,,,,,,,,,,,,,,,,PRF1 806,RORC 228,,RUNX3 1924,TBET 999,,
/Users/seshadrilab/Desktop/NGS_TCRSeq/alpha-pheno/Demultiplex/alpha-pheno-Plate4C-Alpha06-joined.VDJ.H3.L3.CH1.dnaH3.fa,SGL,TB-1119,76,24010,,,,,,,,,,,,,,,EOMES 1534,,GATA3 827,GZMB 9,,,,,,,,,PRF1 989,RORC 123,RUNX1 915,RUNX3 1787,TBET 1146,TGFB1 1453,
/Users/seshadrilab/Desktop/NGS_TCRSeq/alpha-pheno/Demultiplex/alpha-pheno-Plate4C-Alpha07-joined.VDJ.H3.L3.CH1.dnaH3.fa,SGL,TB-1119,14079,22461,TRAV21,TRAJ39,CAVPNAGNMLTF,0.925,13022,,,,,,,,CD8 2535,,EOMES 2945,,GATA3 1063,,IFNG 408,,,,,,,,PRF1 1310,,RUNX1 1047,RUNX3 1558,,TGFB1 1781,
/Users/seshadrilab/Desktop/NGS_TCRSeq/alpha-pheno/Demultiplex/alpha-pheno-Plate4C-Alpha08-joined.VDJ.H3.L3.CH1.dnaH3.fa,SGL,TB-1119,13308,24018,TRAV4,TRAJ9,CLVGPGGFKTIF,0.903,12028,,,,,,,,CD8 2613,,,,GATA3 1094,,,,,,,,,,PRF1 1301,,RUNX1 1003,RUNX3 1821,TBET 2750,TGFB1 1485,
/Users/seshadrilab/Desktop/NGS_TCRSeq/alpha-pheno/Demultiplex/alpha-pheno-Plate4C-Alpha09-joined.VDJ.H3.L3.CH1.dnaH3.fa,SGL,TB-1119,99,24646,,,,,,,,,,,,,,,,,,,,,,,,,,,,RORC 613,,,,,
/Users/seshadrilab/Desktop/NGS_TCRSeq/alpha-pheno/Demultiplex/alpha-pheno-Plate4C-Alpha10-joined.VDJ.H3.L3.CH1.dnaH3.fa,SGL,TB-1119,12680,24604,TRAV4,TRAJ27,CLVGDDDAGKSTF,0.754,9568,TRAV1-2,TRAJ15,,0.183,2325,,CD4 2247,,,,,GATA3 838,,,,,,,,,,PRF1 1005,,RUNX1 763,RUNX3 1758,TBET 1212,TGFB1 1389,
/Users/seshadrilab/Desktop/NGS_TCRSeq/alpha-pheno/Demultiplex/alpha-pheno-Plate4C-Alpha11-joined.VDJ.H3.L3.CH1.dnaH3.fa,SGL,TB-1119,12918,23619,TRAV12-3,TRAJ41,CAMTKAGYALNF,0.79,10216,TRAV17,TRAJ50,,0.142,1842,,,,,,,GATA3 887,,,,,,,,,,PRF1 875,,RUNX1 1211,RUNX3 5,,TGFB1 1341,TNF 1172
/Users/seshadrilab/Desktop/NGS_TCRSeq/alpha-pheno/Demultiplex/alpha-pheno-Plate4C-Alpha12-joined.VDJ.H3.L3.CH1.dnaH3.fa,SGL,TB-1119,50,23420,,,,,,,,,,,,,,,,,GATA3 745,,IFNG 1021,,,,,,,,PRF1 814,,RUNX1 691,RUNX3 1591,TBET 1361,TGFB1 1288,
/Users/seshadrilab/Desktop/NGS_TCRSeq/alpha-pheno/Demultiplex/alpha-pheno-Plate4D-Alpha01-joined.VDJ.H3.L3.CH1.dnaH3.fa,SGL,TB-1119,12610,17717,TRAV27,TRAJ53,,0.767,9674,TRAV8-1,TRAJ50,CAVNAGTSYDKVIF,0.21,2659,BCL6 924,,,CTLA4 5,,,GATA3 765,,,,,,,,,,,RORC 48,RUNX1 764,RUNX3 1536,TBET 942,TGFB1 523,
/Users/seshadrilab/Desktop/NGS_TCRSeq/alpha-pheno/Demultiplex/alpha-pheno-Plate4D-Alpha02-joined.VDJ.H3.L3.CH1.dnaH3.fa,SGL,TB-1119,11835,21731,mTRDV2-2,TRAJ56,CAYRSGGANSKLTF,0.907,10741,,,,,,,,,CTLA4 2125,,,GATA3 1253,,,,,,,,,,,,RUNX1 1063,RUNX3 2575,,TGFB1 1049,
/Users/seshadrilab/Desktop/NGS_TCRSeq/alpha-pheno/Demultiplex/alpha-pheno-Plate4D-Alpha03-joined.VDJ.H3.L3.CH1.dnaH3.fa,SGL,TB-1119,12797,21778,TRAV9-1,TRAJ3,CALLYSSASKIIF,0.526,6740,TRAV8-3,TRAJ16,,0.427,5475,,,,CTLA4 1647,,,GATA3 897,,IFNG 75,,,,,,,,PRF1 926,,RUNX1 750,RUNX3 1933,TBET 1096,TGFB1 22,TNF 1149
/Users/seshadrilab/Desktop/NGS_TCRSeq/alpha-pheno/Demultiplex/alpha-pheno-Plate4D-Alpha04-joined.VDJ.H3.L3.CH1.dnaH3.fa,SGL,TB-1119,44,23127,,,,,,,,,,,,,,,,,,,,,,,,,,,,RORC 598,,RUNX3 20,TBET 7,,
/Users/seshadrilab/Desktop/NGS_TCRSeq/alpha-pheno/Demultiplex/alpha-pheno-Plate4D-Alpha05-joined.VDJ.H3.L3.CH1.dnaH3.fa,SGL,TB-1119,12121,20475,TRAV10,TRAJ18,CVVSDRGSTLGRLYF,0.862,10447,,,,,,,,,,,,GATA3 909,,,,,,,,,,PRF1 1031,RORC 1665,RUNX1 971,RUNX3 1768,TBET 1107,TGFB1 1071,
/Users/seshadrilab/Desktop/NGS_TCRSeq/alpha-pheno/Demultiplex/alpha-pheno-Plate4D-Alpha06-joined.VDJ.H3.L3.CH1.dnaH3.fa,SGL,TB-1119,12584,22930,TRAV6,TRAJ42,CALDGGSQGNLIF,0.635,8000,TRAV1-2,TRAJ34,,0.282,3551,,,,,,FOXP3 1504,,,,,,,,,,,,,,,,TGFB1 943,
/Users/seshadrilab/Desktop/NGS_TCRSeq/alpha-pheno/Demultiplex/alpha-pheno-Plate4D-Alpha07-joined.VDJ.H3.L3.CH1.dnaH3.fa,SGL,TB-1119,12554,20470,TRAV12-2,TRAJ57,CAVQGGSEKLVF,0.656,8245,mTRDV2-2,TRAJ49,,0.295,3711,,,CD8 2338,,EOMES 1676,,GATA3 968,,,,,,,,,,PRF1 1103,RORC 74,RUNX1 994,RUNX3 1473,TBET 2059,TGFB1 448,
/Users/seshadrilab/Desktop/NGS_TCRSeq/alpha-pheno/Demultiplex/alpha-pheno-Plate4D-Alpha08-joined.VDJ.H3.L3.CH1.dnaH3.fa,SGL,TB-1119,12885,20749,TRAV9-1,TRAJ4,,0.996,12833,,,,,,,,,,EOMES 2835,,,,IFNG 635,,,,,,,,PRF1 1173,,RUNX1 898,RUNX3 2227,TBET 1280,TGFB1 1071,
/Users/seshadrilab/Desktop/NGS_TCRSeq/alpha-pheno/Demultiplex/alpha-pheno-Plate4D-Alpha09-joined.VDJ.H3.L3.CH1.dnaH3.fa,SGL,TB-1119,12119,21228,TRAV1-2,TRAJ26,CAVGNYGQNFVF,0.816,9900,TRAV13-2,TRAJ31,,0.124,1513,BCL6 1217,,CD8 194,CTLA4 1558,,,,,,,,,,,,,PRF1 1042,RORC 46,,RUNX3 2273,TBET 2825,TGFB1 1212,
/Users/seshadrilab/Desktop/NGS_TCRSeq/alpha-pheno/Demultiplex/alpha-pheno-Plate4D-Alpha10-joined.VDJ.H3.L3.CH1.dnaH3.fa,SGL,TB-1119,11983,23973,TRAV12-2,TRAJ23,CAVNNYNQGGKLIF,0.504,6049,TRAV1-1,TRAJ27,CAVRPNTNAGKSTF,0.425,5100,,,,,,,GATA3 1265,,,,,,,,,,,,,,TBET 3586,TGFB1 1490,
/Users/seshadrilab/Desktop/NGS_TCRSeq/alpha-pheno/Demultiplex/alpha-pheno-Plate4D-Alpha11-joined.VDJ.H3.L3.CH1.dnaH3.fa,SGL,TB-1119,157,23991,,,,,,,,,,,,,,,,,,,,,,,,,,,,,,,,TGFB1 365,
/Users/seshadrilab/Desktop/NGS_TCRSeq/alpha-pheno/Demultiplex/alpha-pheno-Plate4D-Alpha12-joined.VDJ.H3.L3.CH1.dnaH3.fa,SGL,TB-1119,204,21197,,,,,,,,,,,BCL6 1172,,,,EOMES 1576,,GATA3 1018,,,,IL12A 1259,,,,,,PRF1 1003,,RUNX1 963,RUNX3 1772,TBET 2090,TGFB1 837,
/Users/seshadrilab/Desktop/NGS_TCRSeq/alpha-pheno/Demultiplex/alpha-pheno-Plate4E-Alpha01-joined.VDJ.H3.L3.CH1.dnaH3.fa,SGL,TB-1119,1,43115,,,,,,,,,,,,,,CTLA4 5,,,GATA3 2066,,IFNG 1260,,,,,IL2 872,,,,,RUNX1 2185,RUNX3 3360,,TGFB1 3126,
/Users/seshadrilab/Desktop/NGS_TCRSeq/alpha-pheno/Demultiplex/alpha-pheno-Plate4E-Alpha02-joined.VDJ.H3.L3.CH1.dnaH3.fa,SGL,TB-1119,2,41845,,,,,,,,,,,,,CD8 4019,,EOMES 4878,,,,,,,,,,,,,RORC 129,RUNX1 1599,RUNX3 2674,TBET 2057,TGFB1 1394,
/Users/seshadrilab/Desktop/NGS_TCRSeq/alpha-pheno/Demultiplex/alpha-pheno-Plate4E-Alpha03-joined.VDJ.H3.L3.CH1.dnaH3.fa,SGL,TB-1119,3,42527,,,,,,,,,,,,,,CTLA4 3914,,,,,,,,,,,,,,RORC 1112,RUNX1 2859,,,TGFB1 1645,
/Users/seshadrilab/Desktop/NGS_TCRSeq/alpha-pheno/Demultiplex/alpha-pheno-Plate4E-Alpha04-joined.VDJ.H3.L3.CH1.dnaH3.fa,SGL,TB-1119,2,39810,,,,,,,,,,,,,,CTLA4 4436,,FOXP3 2970,GATA3 2121,,IFNG 5,,,,,,,,,,RUNX1 1713,RUNX3 4838,TBET 2743,TGFB1 2635,
/Users/seshadrilab/Desktop/NGS_TCRSeq/alpha-pheno/Demultiplex/alpha-pheno-Plate4E-Alpha05-joined.VDJ.H3.L3.CH1.dnaH3.fa,SGL,TB-1119,1,39178,,,,,,,,,,,,,,,,,,,IFNG 1690,,,,,,,,,,RUNX1 2321,,,,
/Users/seshadrilab/Desktop/NGS_TCRSeq/alpha-pheno/Demultiplex/alpha-pheno-Plate4E-Alpha06-joined.VDJ.H3.L3.CH1.dnaH3.fa,SGL,TB-1119,1,45377,,,,,,,,,,,,,,,,,,,,,,,,,,,,,RUNX1 21,,,,
/Users/seshadrilab/Desktop/NGS_TCRSeq/alpha-pheno/Demultiplex/alpha-pheno-Plate4E-Alpha07-joined.VDJ.H3.L3.CH1.dnaH3.fa,SGL,TB-1119,4,41107,,,,,,,,,,,,,,,EOMES 4341,,,,,,,,,,,,,RORC 1007,RUNX1 1719,RUNX3 3111,,TGFB1 1565,
/Users/seshadrilab/Desktop/NGS_TCRSeq/alpha-pheno/Demultiplex/alpha-pheno-Plate4E-Alpha08-joined.VDJ.H3.L3.CH1.dnaH3.fa,SGL,TB-1119,1,41691,,,,,,,,,,,,,,,,,,,,,,,,,,,,RORC 455,RUNX1 2575,,,TGFB1 1740,TNF 2531
/Users/seshadrilab/Desktop/NGS_TCRSeq/alpha-pheno/Demultiplex/alpha-pheno-Plate4E-Alpha09-joined.VDJ.H3.L3.CH1.dnaH3.fa,SGL,TB-1119,2,34744,,,,,,,,,,,,,CD8 3746,,EOMES 3300,,GATA3 2025,GZMB 16,,,,,,,,,PRF1 1855,RORC 140,RUNX1 1512,RUNX3 2768,TBET 3650,TGFB1 2030,
/Users/seshadrilab/Desktop/NGS_TCRSeq/alpha-pheno/Demultiplex/alpha-pheno-Plate4E-Alpha10-joined.VDJ.H3.L3.CH1.dnaH3.fa,SGL,TB-1119,3,38424,,,,,,,,,,,,,,,,,GATA3 1551,,,,,,,,,,PRF1 1735,,,RUNX3 3831,TBET 3107,TGFB1 2388,
/Users/seshadrilab/Desktop/NGS_TCRSeq/alpha-pheno/Demultiplex/alpha-pheno-Plate4E-Alpha11-joined.VDJ.H3.L3.CH1.dnaH3.fa,SGL,TB-1119,4,35500,,,,,,,,,,,,,,CTLA4 3744,,,GATA3 1870,,,,,,,,,,,RORC 549,RUNX1 1656,RUNX3 3824,,TGFB1 2297,
/Users/seshadrilab/Desktop/NGS_TCRSeq/alpha-pheno/Demultiplex/alpha-pheno-Plate4E-Alpha12-joined.VDJ.H3.L3.CH1.dnaH3.fa,SGL,TB-1119,1,36754,,,,,,,,,,,,,CD8 3054,,,,GATA3 1300,,IFNG 846,,,,,,,,PRF1 1491,RORC 141,RUNX1 1455,RUNX3 1907,TBET 1744,TGFB1 2153,
/Users/seshadrilab/Desktop/NGS_TCRSeq/alpha-pheno/Demultiplex/alpha-pheno-Plate4F-Alpha01-joined.VDJ.H3.L3.CH1.dnaH3.fa,SGL,TB-1119,11689,5,TRAV13-1,TRAJ43,CAASLNNNDMRF,0.391,4571,,TRAJ40 60 0,CAVQATSGTYKYIF,0.281,3289,,,,,,,,,,,,,,,,,,,,,,,
/Users/seshadrilab/Desktop/NGS_TCRSeq/alpha-pheno/Demultiplex/alpha-pheno-Plate4F-Alpha02-joined.VDJ.H3.L3.CH1.dnaH3.fa,SGL,TB-1119,12444,6,TRAV27,TRAJ30,CAGARGDDKIIF,0.577,5840,TRAV8-4,TRAJ43,CVVSEVSNDMRF,0.319,3234,,,,,,,,,,,,,,,,,,,,,,,
/Users/seshadrilab/Desktop/NGS_TCRSeq/alpha-pheno/Demultiplex/alpha-pheno-Plate4F-Alpha03-joined.VDJ.H3.L3.CH1.dnaH3.fa,SGL,TB-1119,12463,18,TRAV1-2,TRAJ28,,0.773,9641,TRAV5,TRAJ10,CAVPGGGGNKLTF,0.143,1791,,,,,,,,,,,,,,,,,,,,,,,
/Users/seshadrilab/Desktop/NGS_TCRSeq/alpha-pheno/Demultiplex/alpha-pheno-Plate4F-Alpha04-joined.VDJ.H3.L3.CH1.dnaH3.fa,SGL,TB-1119,11841,6,mTRDV2-2,TRAJ33,CASLDSNYQLIW,0.847,10033,,,,,,,,,,,,,,,,,,,,,,,,,,,,
/Users/seshadrilab/Desktop/NGS_TCRSeq/alpha-pheno/Demultiplex/alpha-pheno-Plate4F-Alpha05-joined.VDJ.H3.L3.CH1.dnaH3.fa,SGL,TB-1119,11966,4,TRAV16,TRAJ53,,0.998,11950,,,,,,,,,,,,,,,,,,,,,,,,,,,,
/Users/seshadrilab/Desktop/NGS_TCRSeq/alpha-pheno/Demultiplex/alpha-pheno-Plate4F-Alpha06-joined.VDJ.H3.L3.CH1.dnaH3.fa,SGL,TB-1119,15,16,,,,,,,,,,,,,,,,,,,,,,,,,,,,,,,,,
/Users/seshadrilab/Desktop/NGS_TCRSeq/alpha-pheno/Demultiplex/alpha-pheno-Plate4F-Alpha07-joined.VDJ.H3.L3.CH1.dnaH3.fa,SGL,TB-1119,11357,3,TRAV8-6,TRAJ57,CAVSEGGGGSEKLVF,0.748,8504,TRAV8-6,TRAJ57,YAVSEGGGGSEKLVF,0.162,1848,,,,,,,,,,,,,,,,,,,,,,,
/Users/seshadrilab/Desktop/NGS_TCRSeq/alpha-pheno/Demultiplex/alpha-pheno-Plate4F-Alpha08-joined.VDJ.H3.L3.CH1.dnaH3.fa,SGL,TB-1119,12507,3,TRAV21,TRAJ16,,0.411,5141,TRAV4,TRAJ11,CLVGDTGYSTLTF,0.325,4076,,,,,,,,,,,,,,,,,,,,,,,
/Users/seshadrilab/Desktop/NGS_TCRSeq/alpha-pheno/Demultiplex/alpha-pheno-Plate4F-Alpha09-joined.VDJ.H3.L3.CH1.dnaH3.fa,SGL,TB-1119,10695,2,TRAV1-2,TRAJ26,CAVGNYGQNFVF,0.824,8820,TRAV13-2,TRAJ31,,0.124,1335,,,,,,,,,,,,,,,,,,,,,,,
/Users/seshadrilab/Desktop/NGS_TCRSeq/alpha-pheno/Demultiplex/alpha-pheno-Plate4F-Alpha10-joined.VDJ.H3.L3.CH1.dnaH3.fa,SGL,TB-1119,10895,4,TRAV10,TRAJ4,CVVRGFSGGYNKLIF,0.909,9904,,,,,,,,,,,,,,,,,,,,,,,,,,,,
/Users/seshadrilab/Desktop/NGS_TCRSeq/alpha-pheno/Demultiplex/alpha-pheno-Plate4F-Alpha11-joined.VDJ.H3.L3.CH1.dnaH3.fa,SGL,TB-1119,10803,8,TRAV3,TRAJ39,CAVRGVGAGNMLTF,0.918,8386,,,,,,,,,,,,,,,,,,,,,,,,,,,,
/Users/seshadrilab/Desktop/NGS_TCRSeq/alpha-pheno/Demultiplex/alpha-pheno-Plate4F-Alpha12-joined.VDJ.H3.L3.CH1.dnaH3.fa,SGL,TB-1119,10928,5,TRAV6,TRAJ11,,0.475,5192,TRAV1-2,TRAJ41,CAVSNSGYALNF,0.455,4977,,,,,,,,,,,,,,,,,,,,,,,
/Users/seshadrilab/Desktop/NGS_TCRSeq/alpha-pheno/Demultiplex/alpha-pheno-Plate4G-Alpha01-joined.VDJ.H3.L3.CH1.dnaH3.fa,SGL,TB-1119,11814,20334,TRAV4,TRAJ11,CLVGDSGYSTLTF,0.814,9621,TRAV3,TRAJ3,,0.105,1249,,,,CTLA4 1392,EOMES 2093,,GATA3 626,,,,,,,,,,,,RUNX1 758,RUNX3 1541,TBET 1103,TGFB1 897,
/Users/seshadrilab/Desktop/NGS_TCRSeq/alpha-pheno/Demultiplex/alpha-pheno-Plate4G-Alpha02-joined.VDJ.H3.L3.CH1.dnaH3.fa,SGL,TB-1119,73,21283,,,,,,,,,,,,,,,,,GATA3 985,,,,,,,,,,,RORC 733,,,,TGFB1 12,
/Users/seshadrilab/Desktop/NGS_TCRSeq/alpha-pheno/Demultiplex/alpha-pheno-Plate4G-Alpha03-joined.VDJ.H3.L3.CH1.dnaH3.fa,SGL,TB-1119,12386,19678,TRAV2,TRAJ32,CAVESYQGGATNKLIF,0.68,8422,TRAV1-2,TRAJ31,CAANNNARLMF,0.231,2871,,CD4 2173,,,EOMES 1589,,GATA3 863,,,,,,,,,,PRF1 802,RORC 1777,RUNX1 888,RUNX3 1404,TBET 1758,TGFB1 768,
/Users/seshadrilab/Desktop/NGS_TCRSeq/alpha-pheno/Demultiplex/alpha-pheno-Plate4G-Alpha04-joined.VDJ.H3.L3.CH1.dnaH3.fa,SGL,TB-1119,22,21927,,,,,,,,,,,,,,,EOMES 1624,,,GZMB 7,IFNG 417,,IL12A 1144,,,,,,PRF1 871,RORC 92,RUNX1 710,RUNX3 1883,TBET 1558,TGFB1 870,
/Users/seshadrilab/Desktop/NGS_TCRSeq/alpha-pheno/Demultiplex/alpha-pheno-Plate4G-Alpha05-joined.VDJ.H3.L3.CH1.dnaH3.fa,SGL,TB-1119,8954,18339,TRAV8-4,TRAJ45,CAVSAHSGGGADGLTF,0.717,6422,TRAV35,TRAJ57,,0.228,2046,,,,CTLA4 983,,FOXP3 1190,GATA3 833,,,,,,,,,,,RORC 162,RUNX1 789,RUNX3 1288,TBET 932,,
/Users/seshadrilab/Desktop/NGS_TCRSeq/alpha-pheno/Demultiplex/alpha-pheno-Plate4G-Alpha06-joined.VDJ.H3.L3.CH1.dnaH3.fa,SGL,TB-1119,10112,6002,TRAV35,TRAJ58,CAGQRGSRLTF,0.502,5084,TRAV19,TRAJ57,CALSEPGGSEKLVF,0.43,4355,,,,,,FOXP3 211,GATA3 148,,,,,,,,,,,,RUNX1 165,RUNX3 242,,TGFB1 180,
/Users/seshadrilab/Desktop/NGS_TCRSeq/alpha-pheno/Demultiplex/alpha-pheno-Plate4G-Alpha07-joined.VDJ.H3.L3.CH1.dnaH3.fa,SGL,TB-1119,31,21046,,,,,,,,,,,,,,,,,,,,,,,,,,,PRF1 670,,RUNX1 619,RUNX3 1317,TBET 1821,TGFB1 1214,TNF 960
/Users/seshadrilab/Desktop/NGS_TCRSeq/alpha-pheno/Demultiplex/alpha-pheno-Plate4G-Alpha08-joined.VDJ.H3.L3.CH1.dnaH3.fa,SGL,TB-1119,10347,21299,TRAV19,TRAJ35,CALVLGFGNVLHC,0.723,7490,TRAV12-1,TRAJ42,CAVNKGGGSQGNLIF,0.192,1994,,,,CTLA4 1209,,,,,,,,,,,,,,RORC 531,RUNX1 1581,,,,
/Users/seshadrilab/Desktop/NGS_TCRSeq/alpha-pheno/Demultiplex/alpha-pheno-Plate4G-Alpha09-joined.VDJ.H3.L3.CH1.dnaH3.fa,SGL,TB-1119,11710,22894,TRAV3,TRAJ42,CAVRDLGSQGNLIF,0.852,9984,,,,,,,,,,,,,,IFNG 916,,,,,,,,,RORC 179,RUNX1 1056,,TBET 2089,TGFB1 889,
/Users/seshadrilab/Desktop/NGS_TCRSeq/alpha-pheno/Demultiplex/alpha-pheno-Plate4G-Alpha10-joined.VDJ.H3.L3.CH1.dnaH3.fa,Cell Line,TB-1119,11567,20739,TRAV8-6,TRAJ3,CAVKAGYSSASKIIF,0.654,7571,TRAV12-3,TRAJ20,,0.258,2989,,,CD8 2401,,EOMES 276,,GATA3 885,GZMB 20,,,,,,,MKI67 1540,,,RORC 1576,RUNX1 1027,RUNX3 1277,TBET 1598,TGFB1 754,TNF 1311
/Users/seshadrilab/Desktop/NGS_TCRSeq/alpha-pheno/Demultiplex/alpha-pheno-Plate4G-Alpha11-joined.VDJ.H3.L3.CH1.dnaH3.fa,Blank,TB-1119,101,18395,,,,,,,,,,,,,,,,,,,,,,,,,,,,,,,,TGFB1 5,
/Users/seshadrilab/Desktop/NGS_TCRSeq/alpha-pheno/Demultiplex/alpha-pheno-Plate4G-Alpha12-joined.VDJ.H3.L3.CH1.dnaH3.fa,Tet (-),TB-1119,12501,22549,,TRAJ33 57 0,CAMRDRMDSNYQLIW,0.813,10165,,,,,,,,,CTLA4 950,,,,,,,,,,,,,,,RUNX1 1060,,,TGFB1 583,
/Users/seshadrilab/Desktop/NGS_TCRSeq/alpha-pheno/Demultiplex/alpha-pheno-Plate4H-Alpha01-joined.VDJ.H3.L3.CH1.dnaH3.fa,Tet (-),TB-1119,11282,22863,TRAV13-1,TRAJ45,CAAGYRGADGLTF,0.931,10514,,,,,,,,,,,,,,,,,,,,,,,RORC 236,RUNX1 1363,,,TGFB1 1054,
/Users/seshadrilab/Desktop/NGS_TCRSeq/alpha-pheno/Demultiplex/alpha-pheno-Plate4H-Alpha02-joined.VDJ.H3.L3.CH1.dnaH3.fa,Tet (-),TB-1119,11003,22765,TRAV12-2,TRAJ9,CAVKFGNTGGFKTIF,0.747,8219,TRAV9-1,TRAJ52,,0.189,2080,,,CD8 2338,,,,,,,,,,,,,,,,RUNX1 1333,,,TGFB1 1214,
/Users/seshadrilab/Desktop/NGS_TCRSeq/alpha-pheno/Demultiplex/alpha-pheno-Plate4H-Alpha03-joined.VDJ.H3.L3.CH1.dnaH3.fa,Tet (-),TB-1119,13076,21073,TRAV16,TRAJ21,,0.56,7326,TRAV8-1,TRAJ34,CAVNAGNTDKLIF,0.401,5252,,,CD8 1581,,,,GATA3 885,,IFNG 219,,,,,,,,PRF1 900,RORC 168,RUNX1 951,RUNX3 1205,TBET 2666,TGFB1 1037,
/Users/seshadrilab/Desktop/NGS_TCRSeq/alpha-pheno/Demultiplex/alpha-pheno-Plate4H-Alpha04-joined.VDJ.H3.L3.CH1.dnaH3.fa,Tet (-),TB-1119,11478,16173,TRAV3,TRAJ31,CAVRDIGGRNNNARLMF,0.519,4350,TRAV8-4,TRAJ32,CVVSTSSGGATNKLIF,0.364,3055,,,CD8 1697,,,,GATA3 803,,IFNG 223,,,,,,,PDCD1 8,PRF1 920,,RUNX1 562,RUNX3 1556,TBET 2002,TGFB1 875,
/Users/seshadrilab/Desktop/NGS_TCRSeq/alpha-pheno/Demultiplex/alpha-pheno-Plate4H-Alpha05-joined.VDJ.H3.L3.CH1.dnaH3.fa,Tet (-),TB-1119,12554,19224,TRAV1-2,TRAJ33,CAVMDSNYQLIW,0.928,11657,,,,,,,,,,,,GATA3 953,,,,,,,,,,PRF1 970,RORC 1644,RUNX1 870,RUNX3 1568,,TGFB1 1057,
/Users/seshadrilab/Desktop/NGS_TCRSeq/alpha-pheno/Demultiplex/alpha-pheno-Plate4H-Alpha06-joined.VDJ.H3.L3.CH1.dnaH3.fa,Tet (-),TB-1119,12834,19477,TRAV26-2,TRAJ53,,0.794,10193,TRAV35,TRAJ48,CAGYFGNEKLTF,0.191,2462,,CD4 2744,,CTLA4 1730,,,,,,,,,,,,,,RORC 435,RUNX1 838,RUNX3 1829,,TGFB1 188,
/Users/seshadrilab/Desktop/NGS_TCRSeq/alpha-pheno/Demultiplex/alpha-pheno-Plate4H-Alpha07-joined.VDJ.H3.L3.CH1.dnaH3.fa,Tet (-),TB-1119,13471,19768,TRAV1-2,TRAJ33,CAVRDSNYQLIW,0.479,6457,TRAV8-3,TRAJ10,CAEGGNKLTF,0.447,6025,,,CD8 2096,,EOMES 1928,,,,,,,,,,,,PRF1 940,RORC 1498,RUNX1 897,RUNX3 1308,TBET 1558,TGFB1 506,
/Users/seshadrilab/Desktop/NGS_TCRSeq/alpha-pheno/Demultiplex/alpha-pheno-Plate4H-Alpha08-joined.VDJ.H3.L3.CH1.dnaH3.fa,Tet (-),TB-1119,7950,20535,,TRAJ5 55 0,CAMRETGRRALTF,0.817,6497,,,,,,,,,CTLA4 2477,,,,,,,,,,,,,,RORC 403,,RUNX3 2600,,TGFB1 1244,
/Users/seshadrilab/Desktop/NGS_TCRSeq/alpha-pheno/Demultiplex/alpha-pheno-Plate4H-Alpha09-joined.VDJ.H3.L3.CH1.dnaH3.fa,Tet (-),TB-1119,9770,17420,TRAV17,TRAJ11,CATDRGYSTLTF,0.725,7087,TRAV4,TRAJ28,,0.219,2142,,,CD8 1957,,,,GATA3 885,,,,,,,,,,PRF1 952,,RUNX1 685,RUNX3 1400,TBET 1113,TGFB1 990,
/Users/seshadrilab/Desktop/NGS_TCRSeq/alpha-pheno/Demultiplex/alpha-pheno-Plate4H-Alpha10-joined.VDJ.H3.L3.CH1.dnaH3.fa,Tet (-),TB-1119,11009,19537,TRAV27,TRAJ26,,0.614,4142,TRAV35,TRAJ56,CAGGSGANSKLTF,0.356,2401,,,,,,,,,,,,,,,,,,RORC 183,RUNX1 1154,,,TGFB1 1083,
/Users/seshadrilab/Desktop/NGS_TCRSeq/alpha-pheno/Demultiplex/alpha-pheno-Plate4H-Alpha11-joined.VDJ.H3.L3.CH1.dnaH3.fa,Cell Line,TB-1119,8983,19030,TRAV12-3,TRAJ20,,0.999,8974,,,,,,,,,,,,,,,,,,,,,,,,RUNX1 1230,,TBET 1258,,
/Users/seshadrilab/Desktop/NGS_TCRSeq/alpha-pheno/Demultiplex/alpha-pheno-Plate4H-Alpha12-joined.VDJ.H3.L3.CH1.dnaH3.fa,Blank,TB-1119,144,19058,,,,,,,,,,,,,,,,,,,,,,,,,,,,,,,,,